Block,Plot_Number,Species,Number,Collection_Number,Weight_(g),Area_(ImageJ),Standard_(ImageJ),Standard_(Actual_cm2),Area_(cm2),SLA_(cm2/g)
2,1,Alliaria_petiolata,2,1,0.006,30963,10260,0.25,0.754459064,125.7431774
6,1,Alliaria_petiolata,2,1,0.049,,,,6.92,141.2244898
6,1,Alliaria_petiolata,3,1,0.019,,,,3.02,158.9473684
1,4,Alliaria_petiolata,3,1,0.021,160798,8640,0.25,4.652719907,221.5580908
1,4,Alliaria_petiolata,1,1,0.026,191133,8064,0.25,5.925502232,227.903932
6,1,Alliaria_petiolata,1,1,0.09,,,,23.78,264.2222222
2,1,Alliaria_petiolata,3,1,0.012,165661,10404,0.25,3.980704537,331.7253781
1,4,Alliaria_petiolata,2,1,0.011,137157,8640,0.25,3.968663194,360.7875631
5,1,Alliaria_petiolata,3,1,0.003,,,,1.67,556.6666667
2,1,Alliaria_petiolata,1,1,0.001,27053,11628,0.25,0.581634847,581.6348469
5,1,Alliaria_petiolata,2,1,0.006,,,,4.61,768.3333333
5,1,Alliaria_petiolata,1,1,0.005,,,,4.45,890
13,1,Asclepias_syriaca,1,1,0.36,,,,39.36,109.3333333
11,4,Asclepias_syriaca,3,1,0.001,,,,0.12,120
9,1,Asclepias_syriaca,2,1,0.001,,,,0.13,130
13,1,Asclepias_syriaca,2,1,0.191,,,,25.12,131.5183246
4,4,Asclepias_syriaca,3,1,0.478,,,,66.89,139.9372385
4,4,Asclepias_syriaca,1,1,1.056,,,,151.83,143.7784091
7,4,Asclepias_syriaca,2,1,0.705,,,,102.08,144.7943262
2,4,Asclepias_syriaca,1,1,0.027,220318,14076,0.25,3.913007957,144.9262206
2,4,Asclepias_syriaca,3,1,0.035,359205,17388,0.25,5.16455314,147.5586611
8,4,Asclepias_syriaca,2,1,0.345,,,,51.87,150.3478261
7,4,Asclepias_syriaca,1,1,0.563,,,,93.3,165.7193606
8,4,Asclepias_syriaca,1,1,0.528,,,,87.84,166.3636364
7,4,Asclepias_syriaca,3,1,0.598,,,,102.37,171.187291
4,4,Asclepias_syriaca,2,1,0.562,,,,97.54,173.5587189
11,4,Asclepias_syriaca,1,1,0.001,,,,0.18,180
5,1,Asclepias_syriaca,1,1,0.051,,,,9.72,190.5882353
7,1,Asclepias_syriaca,2,1,0.575,,,,110.53,192.226087
8,1,Asclepias_syriaca,1,1,0.032,,,,6.18,193.125
8,1,Asclepias_syriaca,2,1,0.212,,,,42.53,200.6132075
9,1,Asclepias_syriaca,3,1,0.001,,,,0.23,230
10,4,Asclepias_syriaca,1,1,0.091,,,,21.73,238.7912088
4,1,Asclepias_syriaca,1,1,0.002,,,,0.5,250
7,1,Asclepias_syriaca,1,1,0.2,,,,51.41,257.05
10,4,Asclepias_syriaca,2,1,0.071,,,,20.5,288.7323944
11,4,Asclepias_syriaca,2,1,0.001,,,,0.31,310
12,4,Asclepias_syriaca,1,1,0.001,,,,0.32,320
1,3,Asclepias_syriaca,1,1,0.034,23586,480,0.25,12.284375,361.3051471
5,1,Asclepias_syriaca,3,1,0.001,,,,0.37,370
6,1,Asclepias_syriaca,1,1,0.052,,,,20.63,396.7307692
6,1,Asclepias_syriaca,2,1,0.029,,,,11.7,403.4482759
5,1,Asclepias_syriaca,2,1,0.012,,,,4.99,415.8333333
9,4,Asclepias_syriaca,1,1,0.003,,,,1.27,423.3333333
1,3,Asclepias_syriaca,2,1,0.023,27949,637,0.25,10.96899529,476.9128387
2,1,Asclepias_syriaca,1,1,0.002,81504,19872,0.25,1.025362319,512.6811595
9,4,Asclepias_syriaca,3,1,0.001,,,,0.53,530
1,4,Asclepias_syriaca,1,1,0.003,113734,16632,0.25,1.709565897,569.855299
6,1,Asclepias_syriaca,3,1,0.008,,,,4.99,623.75
9,4,Asclepias_syriaca,2,1,0.001,,,,0.63,630
1,4,Asclepias_syriaca,3,1,0.001,40075,12312,0.25,0.813738629,813.738629
1,4,Asclepias_syriaca,2,1,0.002,86517,11628,0.25,1.860100619,930.0503095
12,4,Asclepias_tuberosa,1,1,0.004,,,,0.75,187.5
14,4,Barbarea_vulgaris,1,1,0.003,,,,0.51,170
2,1,Barbarea_vulgaris,1,1,0.002,19551,14364,0.25,0.340277778,170.1388889
1,2,Barbarea_vulgaris,1,1,0.025,7755,342,0.25,5.668859649,226.754386
1,1,Barbarea_vulgaris,4,1,0.01,7926,812,0.25,2.440270936,244.0270936
1,4,Barbarea_vulgaris,1,1,0.017,262244,15120,0.25,4.336044974,255.0614691
2,1,Barbarea_vulgaris,3,1,0.002,32430,13680,0.25,0.592653509,296.3267544
1,1,Barbarea_vulgaris,1,1,0.008,6691,702,0.25,2.382834758,297.8543448
1,4,Barbarea_vulgaris,2,1,0.008,167631,17424,0.25,2.405173898,300.6467373
1,1,Barbarea_vulgaris,3,1,0.006,6954,784,0.25,2.21747449,369.5790817
1,1,Barbarea_vulgaris,5,1,0.005,6182,784,0.25,1.97130102,394.260204
4,1,Barbarea_vulgaris,1,1,0.01,,,,4.93,493
12,1,Berteroa_incana,1,1,0.003,,,,0.23,76.66666667
12,1,Berteroa_incana,2,1,0.004,,,,0.48,120
12,1,Berteroa_incana,3,1,0.007,,,,0.87,124.2857143
6,4,Berteroa_incana,1,1,0.002,,,,0.59,295
5,1,Berteroa_incana,3,1,0.004,,,,0.28,70
13,4,Berteroa_incana,1,1,0.006,,,,0.65,108.3333333
13,4,Berteroa_incana,3,1,0.003,,,,0.37,123.3333333
5,1,Berteroa_incana,2,1,0.008,,,,1.14,142.5
13,4,Berteroa_incana,2,1,0.004,,,,0.61,152.5
5,1,Berteroa_incana,1,1,0.004,,,,1.15,287.5
3,4,Berteroa_incana,1,1,0.001,,,,0.41,410
14,1,Silene_latifolia,1,1,0.014,,,,2.11,150.7142857
3,4,Bromus_inermis,3,1,0.068,,,,1.99,29.26470588
12,4,Bromus_inermis,1,1,0.068,,,,7.49,110.1470588
3,1,Bromus_inermis,3,1,0.065,,,,7.22,111.0769231
2,1,Bromus_inermis,2,1,0.08,193455,5400,0.25,8.95625,111.953125
14,4,Bromus_inermis,1,1,0.08,,,,9.09,113.625
14,4,Bromus_inermis,2,1,0.088,,,,10,113.6363636
13,1,Bromus_inermis,3,1,0.051,,,,5.83,114.3137255
1,2,Bromus_inermis,6,1,0.077,18347,506,0.25,9.06472332,117.7236795
13,1,Bromus_inermis,2,1,0.061,,,,7.33,120.1639344
3,4,Bromus_inermis,2,1,0.062,,,,7.65,123.3870968
1,2,Bromus_inermis,5,1,0.123,19816,323,0.25,15.3374613,124.6948073
3,1,Bromus_inermis,2,1,0.063,,,,8.14,129.2063492
12,1,Bromus_inermis,3,1,0.053,,,,6.96,131.3207547
7,1,Bromus_inermis,2,1,0.071,,,,9.33,131.4084507
8,4,Bromus_inermis,1,1,0.052,,,,6.98,134.2307692
3,1,Bromus_inermis,1,1,0.028,,,,3.84,137.1428571
1,1,Bromus_inermis,6,1,0.06,11698,351,0.25,8.331908832,138.8651472
12,1,Bromus_inermis,2,1,0.061,,,,8.48,139.0163934
13,1,Bromus_inermis,1,1,0.052,,,,7.29,140.1923077
12,1,Bromus_inermis,1,1,0.069,,,,9.72,140.8695652
8,1,Bromus_inermis,2,1,0.081,,,,11.53,142.345679
1,2,Bromus_inermis,7,1,0.047,13858,517,0.25,6.701160542,142.5778839
1,1,Bromus_inermis,7,1,0.139,13049,162,0.25,20.13734568,144.8729905
7,1,Bromus_inermis,1,1,0.083,,,,12.11,145.9036145
8,1,Bromus_inermis,3,1,0.124,,,,18.24,147.0967742
1,1,Bromus_inermis,4,1,0.053,17651,552,0.25,7.994112319,150.8323079
1,1,Bromus_inermis,5,1,0.068,13596,330,0.25,10.3,151.4705882
1,1,Bromus_inermis,3,1,0.049,16097,528,0.25,7.621685606,155.5446042
1,2,Bromus_inermis,2,1,0.031,9159,469,0.25,4.882196162,157.4901988
2,1,Bromus_inermis,3,1,0.052,172119,5184,0.25,8.300491898,159.6248442
1,2,Bromus_inermis,3,1,0.097,18865,297,0.25,15.87962963,163.707522
1,2,Bromus_inermis,1,1,0.123,23385,288,0.25,20.29947917,165.036416
2,4,Bromus_inermis,1,1,0.061,184077,4488,0.25,10.25384358,168.0957964
1,3,Bromus_inermis,1,1,0.062,14330,324,0.25,11.05709877,178.3403027
14,4,Bromus_inermis,2,1,0.215,404778,2601,0.25,38.90599769,180.9581288
1,4,Bromus_inermis,3,1,0.099,166334,2300,0.25,18.07978261,182.6240668
3,4,Bromus_inermis,1,1,0.036,,,,6.71,186.3888889
1,1,Bromus_inermis,1,1,0.021,8888,553,0.25,4.018083183,191.3372944
2,4,Bromus_inermis,2,1,0.087,211257,3132,0.25,16.86278736,193.8251421
1,2,Bromus_inermis,4,1,0.06,14901,307,0.25,12.13436482,202.2394137
2,1,Bromus_inermis,1,1,0.025,100496,4968,0.25,5.057165862,202.2866345
7,1,Bromus_inermis,3,1,0.08,,,,17.38,217.25
2,4,Bromus_inermis,3,1,0.096,317745,3480,0.25,22.82650862,237.7761315
8,1,Bromus_inermis,1,1,0.014,,,,3.52,251.4285714
1,4,Bromus_inermis,1,1,0.073,2412727,5082,0.25,118.6898367,1625.888174
11,1,Calystegia_sepium,1,1,0.021,,,,1.46,69.52380952
4,4,Calystegia_sepium,2,1,0.038,,,,3.81,100.2631579
4,4,Calystegia_sepium,3,1,0.04,,,,5.33,133.25
11,1,Calystegia_sepium,2,1,0.026,,,,3.62,139.2307692
11,1,Calystegia_sepium,3,1,0.021,,,,2.95,140.4761905
6,1,Calystegia_sepium,1,1,0.024,,,,3.58,149.1666667
7,1,Calystegia_sepium,1,1,0.076,,,,11.48,151.0526316
8,1,Calystegia_sepium,3,1,0.045,,,,6.94,154.2222222
3,4,Calystegia_sepium,3,1,0.025,,,,4.07,162.8
7,4,Calystegia_sepium,3,1,0.06,,,,10.63,177.1666667
4,1,Calystegia_sepium,1,1,0.032,,,,5.96,186.25
6,1,Calystegia_sepium,3,1,0.019,,,,3.55,186.8421053
8,1,Calystegia_sepium,2,1,0.055,,,,10.3,187.2727273
5,4,Calystegia_sepium,1,1,0.019,,,,3.59,188.9473684
6,1,Calystegia_sepium,2,1,0.085,,,,16.24,191.0588235
2,4,Calystegia_sepium,2,1,0.021,211308,11628,0.25,4.543085655,216.3374121
4,1,Calystegia_sepium,2,1,0.02,,,,4.64,232
7,4,Calystegia_sepium,2,1,0.042,,,,9.92,236.1904762
8,1,Calystegia_sepium,1,1,0.04,,,,9.45,236.25
5,4,Calystegia_sepium,3,1,0.053,,,,12.63,238.3018868
2,4,Calystegia_sepium,1,1,0.007,125729,18476,0.25,1.701247564,243.0353663
7,4,Calystegia_sepium,1,1,0.06,,,,14.63,243.8333333
7,1,Calystegia_sepium,2,1,0.074,,,,18.29,247.1621622
2,4,Calystegia_sepium,3,1,0.014,189492,12960,0.25,3.655324074,261.0945767
4,4,Calystegia_sepium,1,1,0.017,,,,4.56,268.2352941
4,1,Calystegia_sepium,3,1,0.048,,,,13.39,278.9583333
7,1,Calystegia_sepium,3,1,0.049,,,,15,306.122449
3,4,Calystegia_sepium,2,1,0.013,,,,5.87,451.5384615
5,4,Calystegia_sepium,2,1,0.01,,,,5.41,541
10,1,Cirsium_arvense,1,1,0.034,,,,3.36,98.82352941
9,4,Cirsium_arvense,3,1,0.018,,,,3.34,185.5555556
6,1,Cirsium_arvense,1,1,0.119,,,,31.33,263.2773109
9,4,Cirsium_arvense,2,1,0.014,,,,3.96,282.8571429
6,1,Cirsium_arvense,3,1,0.041,,,,11.89,290
9,4,Cirsium_arvense,1,1,0.045,,,,13.42,298.2222222
6,1,Cirsium_arvense,2,1,0.074,,,,22.28,301.0810811
8,1,Cirsium_arvense,1,1,0.008,,,,2.49,311.25
3,1,Cirsium_vulgare,1,1,0.362,277361,3564,0.25,19.45573793,53.7451324
10,4,Coreopsis_tripteris,1,1,0.147,,,,9.53,64.82993197
4,4,Coreopsis_tripteris,3,1,0.247,,,,16.42,66.47773279
4,4,Coreopsis_tripteris,1,1,0.443,,,,29.5,66.59142212
4,4,Coreopsis_tripteris,2,1,0.442,,,,32.84,74.29864253
11,1,Coreopsis_tripteris,1,1,0.266,,,,21.05,79.13533835
14,1,Coreopsis_tripteris,2,1,0.178,,,,14.42,81.01123596
12,4,Coreopsis_tripteris,2,1,0.154,,,,12.72,82.5974026
8,4,Coreopsis_tripteris,2,1,0.15,,,,12.6,84
11,1,Coreopsis_tripteris,2,1,0.266,,,,22.41,84.2481203
10,4,Coreopsis_tripteris,2,1,0.207,,,,17.74,85.70048309
2,4,Coreopsis_tripteris,1,1,0.016,98192,17424,0.25,1.408861341,88.05383381
12,4,Coreopsis_tripteris,3,1,0.195,,,,17.37,89.07692308
13,4,Coreopsis_tripteris,1,1,0.114,,,,10.16,89.12280702
14,1,Coreopsis_tripteris,1,1,0.124,,,,11.64,93.87096774
7,1,Coreopsis_tripteris,3,1,0.097,,,,9.16,94.43298969
12,4,Coreopsis_tripteris,1,1,0.161,,,,15.46,96.02484472
2,4,Coreopsis_tripteris,3,1,0.097,193940,5184,0.25,9.352816358,96.4207872
1,3,Coreopsis_tripteris,2,1,0.129,14752,285,0.25,12.94035088,100.3127975
8,4,Coreopsis_tripteris,1,1,0.304,,,,30.69,100.9539474
11,1,Coreopsis_tripteris,3,1,0.208,,,,21.6,103.8461538
2,4,Coreopsis_tripteris,2,1,0.09,655833,17424,0.25,9.409908747,104.5545416
14,1,Coreopsis_tripteris,3,1,0.156,,,,16.32,104.6153846
10,4,Coreopsis_tripteris,3,1,0.194,,,,20.3,104.6391753
1,3,Coreopsis_tripteris,6,1,0.138,23085,380,0.25,15.1875,110.0543478
7,1,Coreopsis_tripteris,1,1,0.093,,,,10.42,112.0430108
1,3,Coreopsis_tripteris,1,1,0.265,27338,212,0.25,32.23820755,121.6536134
7,1,Coreopsis_tripteris,2,1,0.105,,,,12.95,123.3333333
8,4,Coreopsis_tripteris,3,1,0.12,,,,15.78,131.5
1,3,Coreopsis_tripteris,3,1,0.2,28580,256,0.25,27.91015625,139.5507813
1,3,Coreopsis_tripteris,7,1,0.168,12000,127,0.25,23.62204724,140.607424
1,3,Coreopsis_tripteris,4,1,0.172,29073,218,0.25,33.34059633,193.8406763
10,1,Leucanthemum_vulgare,1,1,0.005,,,,0.7,140
10,1,Leucanthemum_vulgare,2,1,0.001,,,,0.45,450
14,1,Daucus_carota,3,1,0.003,,,,0.026,8.666666667
14,1,Daucus_carota,1,1,0.004,,,,0.055,13.75
14,1,Daucus_carota,2,1,0.013,,,,0.231,17.76923077
1,2,Daucus_carota,3,1,0.008,1523,1155,0.25,0.32965368,41.20670996
4,4,Daucus_carota,3,1,0.002,,,,0.13,65
12,4,Daucus_carota,1,1,0.005,,,,0.33,66
11,4,Daucus_carota,1,1,0.002,,,,0.16,80
1,2,Daucus_carota,2,1,0.004,1498,1155,0.25,0.324242424,81.06060605
1,2,Daucus_carota,5,1,0.007,3636,1406,0.25,0.646514936,92.35927657
13,1,Daucus_carota,1,1,0.007,,,,0.76,108.5714286
11,1,Daucus_carota,2,1,0.001,,,,0.11,110
14,4,Daucus_carota,1,1,0.003,,,,0.34,113.3333333
10,1,Daucus_carota,3,1,0.018,,,,2.42,134.4444444
12,1,Daucus_carota,2,1,0.003,,,,0.41,136.6666667
14,4,Daucus_carota,2,1,0.004,,,,0.55,137.5
1,2,Daucus_carota,6,1,0.005,3870,1332,0.25,0.726351351,145.2702703
2,4,Daucus_carota,2,1,0.083,447215,8640,0.25,12.94024884,155.9066125
11,1,Daucus_carota,3,1,0.005,,,,0.78,156
14,4,Daucus_carota,3,1,0.009,,,,1.41,156.6666667
4,4,Daucus_carota,1,1,0.029,,,,4.59,158.2758621
2,4,Daucus_carota,1,1,0.022,203931,14016,0.25,3.637467894,165.3394497
12,1,Daucus_carota,1,1,0.007,,,,1.16,165.7142857
12,4,Daucus_carota,2,1,0.005,,,,0.83,166
7,1,Daucus_carota,1,1,0.015,,,,2.55,170
11,4,Daucus_carota,3,1,0.001,,,,0.17,170
13,1,Daucus_carota,2,1,0.005,,,,0.85,170
13,4,Daucus_carota,1,1,0.004,,,,0.7,175
9,4,Daucus_carota,3,1,0.001,,,,0.18,180
10,4,Daucus_carota,1,1,0.005,,,,0.92,184
12,4,Daucus_carota,3,1,0.006,,,,1.12,186.6666667
13,1,Daucus_carota,3,1,0.005,,,,0.96,192
13,4,Daucus_carota,3,1,0.007,,,,1.36,194.2857143
8,1,Daucus_carota,1,1,0.009,,,,1.78,197.7777778
11,4,Daucus_carota,2,1,0.003,,,,0.6,200
13,4,Daucus_carota,2,1,0.005,,,,1.02,204
2,4,Daucus_carota,3,1,0.01,149244,18216,0.25,2.048254282,204.8254282
1,4,Daucus_carota,3,1,0.081,786536,11628,0.25,16.91038872,208.7702311
8,1,Daucus_carota,3,1,0.01,,,,2.23,223
10,1,Daucus_carota,2,1,0.008,,,,1.79,223.75
10,4,Daucus_carota,2,1,0.007,,,,1.62,231.4285714
10,1,Daucus_carota,1,1,0.004,,,,0.93,232.5
1,2,Daucus_carota,4,1,0.005,5085,1088,0.25,1.168428309,233.6856618
7,4,Daucus_carota,2,1,0.006,,,,1.44,240
7,1,Daucus_carota,3,1,0.011,,,,2.74,249.0909091
1,3,Daucus_carota,5,1,0.007,4857,600,0.25,2.02375,289.1071429
1,3,Daucus_carota,4,1,0.002,2677,1156,0.25,0.578935986,289.4679931
6,4,Daucus_carota,2,1,0.005,,,,1.45,290
1,3,Daucus_carota,1,1,0.008,7321,784,0.25,2.334502551,291.8128189
2,1,Daucus_carota,1,1,0.026,360692,11664,0.25,7.730881344,297.3415902
9,1,Daucus_carota,1,1,0.002,,,,0.6,300
7,1,Daucus_carota,2,1,0.008,,,,2.44,305
1,2,Daucus_carota,7,1,0.002,3185,1296,0.25,0.614390432,307.1952161
12,1,Daucus_carota,3,1,0.002,,,,0.63,315
7,4,Daucus_carota,1,1,0.003,,,,0.96,320
1,3,Daucus_carota,3,1,0.002,2236,840,0.25,0.665476191,332.7380953
7,4,Daucus_carota,3,1,0.003,,,,1,333.3333333
10,4,Daucus_carota,3,1,0.001,,,,0.34,340
5,4,Daucus_carota,1,1,0.002,,,,0.7,350
8,1,Daucus_carota,2,1,0.003,,,,1.11,370
1,3,Daucus_carota,2,1,0.001,900,600,0.25,0.375,375
1,3,Daucus_carota,6,1,0.011,11968,702,0.25,4.262108262,387.4643875
6,4,Daucus_carota,1,1,0.002,,,,0.79,395
6,1,Daucus_carota,3,1,0.005,,,,1.99,398
2,1,Daucus_carota,3,1,0.005,114820,14364,0.25,1.998398775,399.679755
3,4,Daucus_carota,3,1,0.004,,,,1.61,402.5
5,4,Daucus_carota,2,1,0.002,,,,0.83,415
11,1,Daucus_carota,1,1,0.001,,,,0.42,420
2,1,Daucus_carota,2,1,0.011,371804,18216,0.25,5.102711902,463.8829002
4,1,Daucus_carota,3,1,0.001,,,,0.47,470
9,4,Daucus_carota,2,1,0.001,,,,0.53,530
3,4,Daucus_carota,2,1,0.002,,,,1.18,590
1,4,Daucus_carota,2,1,0.007,229061,13680,0.25,4.186056287,598.008041
4,1,Daucus_carota,2,1,0.001,,,,0.62,620
9,4,Daucus_carota,1,1,0.002,,,,1.38,690
6,1,Daucus_carota,2,1,0.002,,,,1.45,725
6,4,Daucus_carota,3,1,0.001,,,,0.75,750
1,4,Daucus_carota,1,1,0.003,125663,12996,0.25,2.417339951,805.7799837
4,4,Daucus_carota,2,1,0.001,,,,0.83,830
1,2,Daucus_carota,1,1,0.001,2046,550,0.25,0.93,930
1,3,Daucus_carota,7,1,0.004,4833,323,0.25,3.740712074,935.1780185
6,1,Daucus_carota,1,1,0.002,,,,2.17,1085
4,1,Daucus_carota,1,1,0.001,,,,1.25,1250
5,4,Daucus_carota,3,1,0.001,,,,1.49,1490
7,4,Desmodium_illinoense,3,1,0.001,,,,0.08,80
13,4,Desmodium_illinoense,1,1,0.197,,,,19.88,100.9137056
13,4,Desmodium_illinoense,3,1,0.205,,,,21.75,106.097561
8,1,Desmodium_illinoense,1,1,0.345,,,,36.95,107.1014493
11,1,Desmodium_illinoense,2,1,0.051,,,,6.34,124.3137255
9,1,Desmodium_illinoense,2,1,0.004,,,,0.5,125
8,1,Desmodium_illinoense,3,1,0.261,,,,32.85,125.862069
11,1,Desmodium_illinoense,3,1,0.104,,,,13.21,127.0192308
11,1,Desmodium_illinoense,1,1,0.071,,,,10.45,147.1830986
14,4,Desmodium_illinoense,3,1,0.111,,,,18.2,163.963964
2,4,Desmodium_illinoense,3,1,0.003,26386,12991,0.25,0.507774613,169.2582044
7,1,Desmodium_illinoense,1,1,0.002,,,,0.36,180
10,1,Desmodium_illinoense,3,1,0.167,,,,30.15,180.5389222
12,1,Desmodium_illinoense,2,1,0.153,,,,27.76,181.4379085
8,1,Desmodium_illinoense,2,1,0.244,,,,44.38,181.8852459
14,4,Desmodium_illinoense,2,1,0.087,,,,16.3,187.3563218
13,4,Desmodium_illinoense,2,1,0.144,,,,28.72,199.4444444
14,4,Desmodium_illinoense,1,1,0.075,,,,15.47,206.2666667
12,1,Desmodium_illinoense,3,1,0.113,,,,24.2,214.159292
1,1,Desmodium_illinoense,1,1,0.04,22614,650,0.25,8.697692308,217.4423077
1,1,Desmodium_illinoense,6,1,0.029,11694,462,0.25,6.327922078,218.2042096
10,1,Desmodium_illinoense,2,1,0.122,,,,26.84,220
12,1,Desmodium_illinoense,1,1,0.045,,,,9.91,220.2222222
13,1,Desmodium_illinoense,1,1,0.13,,,,29.55,227.3076923
10,1,Desmodium_illinoense,1,1,0.154,,,,35.4,229.8701299
13,1,Desmodium_illinoense,3,1,0.052,,,,12.92,248.4615385
3,1,Desmodium_illinoense,3,1,0.054,,,,13.47,249.4444444
1,1,Desmodium_illinoense,5,1,0.012,7472,624,0.25,2.993589744,249.465812
13,1,Desmodium_illinoense,2,1,0.133,,,,34.39,258.5714286
2,1,Desmodium_illinoense,3,1,0.033,493172,14364,0.25,8.58347257,260.1052294
2,1,Desmodium_illinoense,1,1,0.02,290310,13680,0.25,5.305372807,265.2686404
1,2,Desmodium_illinoense,3,1,0.039,12208,288,0.25,10.59722222,271.7236467
1,1,Desmodium_illinoense,7,1,0.02,3131,144,0.25,5.435763889,271.7881945
6,1,Desmodium_illinoense,2,1,0.006,,,,1.67,278.3333333
1,2,Desmodium_illinoense,1,1,0.01,3420,306,0.25,2.794117647,279.4117647
1,2,Desmodium_illinoense,2,1,0.027,7874,255,0.25,7.719607843,285.9114016
3,1,Desmodium_illinoense,2,1,0.028,,,,8.45,301.7857143
2,4,Desmodium_illinoense,2,1,0.006,45812,6300,0.25,1.817936508,302.989418
3,1,Desmodium_illinoense,1,1,0.032,,,,9.8,306.25
2,1,Desmodium_illinoense,2,1,0.036,606948,13680,0.25,11.09188596,308.1079433
5,1,Desmodium_illinoense,2,1,0.121,,,,38.98,322.1487603
9,1,Desmodium_illinoense,3,1,0.003,,,,0.98,326.6666667
6,4,Desmodium_illinoense,2,1,0.003,,,,1.03,343.3333333
5,1,Desmodium_illinoense,3,1,0.05,,,,18.06,361.2
5,1,Desmodium_illinoense,1,1,0.088,,,,32.18,365.6818182
1,4,Desmodium_illinoense,3,1,0.002,59501,19872,0.25,0.748553241,374.2766204
6,1,Desmodium_illinoense,3,1,0.013,,,,5.56,427.6923077
6,1,Desmodium_illinoense,1,1,0.007,,,,3.03,432.8571429
4,4,Desmodium_illinoense,1,1,0.002,,,,0.87,435
6,4,Desmodium_illinoense,3,1,0.003,,,,1.31,436.6666667
2,4,Desmodium_illinoense,1,1,0.004,78053,10944,0.25,1.783008955,445.7522388
7,4,Desmodium_illinoense,2,1,0.002,,,,0.94,470
6,4,Desmodium_illinoense,1,1,0.002,,,,0.95,475
7,1,Desmodium_illinoense,3,1,0.004,,,,1.9,475
9,1,Desmodium_illinoense,1,1,0.001,,,,0.51,510
3,4,Desmodium_illinoense,1,1,0.01,,,,5.12,512
9,4,Desmodium_illinoense,2,1,0.001,,,,0.52,520
3,4,Desmodium_illinoense,2,1,0.002,,,,1.13,565
9,4,Desmodium_illinoense,1,1,0.001,,,,0.57,570
5,4,Desmodium_illinoense,2,1,0.004,,,,2.38,595
1,4,Desmodium_illinoense,1,1,0.001,49647,20736,0.25,0.598560475,598.5604745
4,1,Desmodium_illinoense,2,1,0.002,,,,1.25,625
4,4,Desmodium_illinoense,3,1,0.006,,,,3.89,648.3333333
4,4,Desmodium_illinoense,2,1,0.003,,,,1.95,650
5,4,Desmodium_illinoense,3,1,0.002,,,,1.44,720
5,4,Desmodium_illinoense,1,1,0.004,,,,2.89,722.5
7,1,Desmodium_illinoense,2,1,0.004,,,,3.24,810
4,1,Desmodium_illinoense,3,1,0.003,,,,2.73,910
4,1,Desmodium_illinoense,1,1,0.003,,,,3.12,1040
1,4,Desmodium_illinoense,2,1,0.001,80238,19008,0.25,1.055318813,1055.318813
7,4,Desmodium_illinoense,1,1,0.001,,,,1.24,1240
12,4,Elymus_repens,2,1,0.103,,,,4.42,42.91262136
1,3,Elymus_repens,7,1,0.089,9546,342,0.25,6.978070175,78.40528287
2,4,Elymus_repens,3,1,0.128,246458,4736,0.25,13.00981841,101.6392063
13,1,Elymus_repens,1,1,0.21,,,,21.83,103.952381
9,1,Elymus_repens,1,1,0.103,,,,11.81,114.6601942
12,4,Elymus_repens,1,1,0.1,,,,12.19,121.9
10,1,Elymus_repens,2,1,0.163,,,,20.18,123.803681
2,4,Elymus_repens,1,1,0.091,147740,3194,0.25,11.56386976,127.0754919
8,1,Elymus_repens,2,1,0.13,,,,16.72,128.6153846
14,4,Elymus_repens,3,1,0.12,,,,15.66,130.5
1,2,Elymus_repens,4,1,0.086,4965,110,0.25,11.28409091,131.2103594
1,1,Elymus_repens,3,1,0.141,19194,256,0.25,18.74414063,132.9371676
1,2,Elymus_repens,7,1,0.087,7226,156,0.25,11.58012821,133.104922
8,1,Elymus_repens,3,1,0.084,,,,11.3,134.5238095
2,4,Elymus_repens,2,1,0.067,127874,3478,0.25,9.191633122,137.1885541
14,4,Elymus_repens,2,1,0.075,,,,10.33,137.7333333
14,4,Elymus_repens,1,1,0.134,,,,18.48,137.9104478
10,4,Elymus_repens,2,1,0.057,,,,7.88,138.245614
1,4,Elymus_repens,2,1,0.18,359426,3600,0.25,24.96013889,138.6674383
1,3,Elymus_repens,3,1,0.075,8781,208,0.25,10.55408654,140.7211539
9,1,Elymus_repens,3,1,0.076,,,,10.71,140.9210526
4,4,Elymus_repens,3,1,0.143,,,,20.38,142.5174825
10,4,Elymus_repens,3,1,0.08,,,,11.41,142.625
10,4,Elymus_repens,1,1,0.109,,,,15.62,143.3027523
10,1,Elymus_repens,1,1,0.062,,,,8.92,143.8709677
8,4,Elymus_repens,1,1,0.11,,,,15.86,144.1818182
14,1,Elymus_repens,1,1,0.126,,,,18.19,144.3650794
8,4,Elymus_repens,2,1,0.141,,,,20.36,144.3971631
12,1,Elymus_repens,3,1,0.106,,,,15.48,146.0377358
1,2,Elymus_repens,5,1,0.075,5303,121,0.25,10.95661157,146.0881543
4,4,Elymus_repens,2,1,0.109,,,,15.94,146.2385321
10,1,Elymus_repens,3,1,0.075,,,,10.99,146.5333333
1,4,Elymus_repens,2,1,0.122,232547,3245,0.25,17.91579353,146.8507666
13,4,Elymus_repens,2,1,0.078,,,,11.5,147.4358974
13,1,Elymus_repens,2,1,0.081,,,,12.21,150.7407407
12,1,Elymus_repens,1,1,0.113,,,,17.04,150.7964602
14,1,Elymus_repens,2,1,0.106,,,,16.16,152.4528302
8,4,Elymus_repens,3,1,0.073,,,,11.19,153.2876712
13,4,Elymus_repens,1,1,0.069,,,,10.62,153.9130435
3,4,Elymus_repens,1,1,0.069,,,,10.72,155.3623188
1,4,Elymus_repens,1,1,0.118,174281,2369,0.25,18.391832,155.8629831
3,1,Elymus_repens,1,1,0.062,,,,9.81,158.2258065
1,4,Elymus_repens,6,1,0.085,202096,3717,0.25,13.59268227,159.9139091
1,2,Elymus_repens,6,1,0.058,5345,144,0.25,9.279513889,159.9916188
12,1,Elymus_repens,2,1,0.096,,,,15.45,160.9375
9,1,Elymus_repens,2,1,0.128,,,,20.82,162.65625
3,1,Elymus_repens,2,1,0.018,,,,3.05,169.4444444
13,1,Elymus_repens,3,1,0.055,,,,9.37,170.3636364
1,2,Elymus_repens,2,1,0.056,5957,156,0.25,9.546474359,170.4727564
13,4,Elymus_repens,3,1,0.088,,,,15.01,170.5681818
1,4,Elymus_repens,7,1,0.095,260213,3969,0.25,16.39033762,172.5298697
1,4,Elymus_repens,5,1,0.129,298975,3338,0.25,22.39177651,173.5796629
12,4,Elymus_repens,3,1,0.043,,,,7.52,174.8837209
3,1,Elymus_repens,3,1,0.023,,,,4.04,175.6521739
3,4,Elymus_repens,3,1,0.05,,,,8.81,176.2
1,1,Elymus_repens,5,1,0.067,12177,255,0.25,11.93823529,178.1826163
1,2,Elymus_repens,1,1,0.05,6626,182,0.25,9.101648352,182.032967
1,2,Elymus_repens,3,1,0.097,5734,81,0.25,17.69753086,182.4487718
1,3,Elymus_repens,6,1,0.074,9172,169,0.25,13.56804734,183.3519911
2,1,Elymus_repens,3,1,0.059,231242,5304,0.25,10.89941554,184.7358566
4,1,Elymus_repens,2,1,0.077,,,,14.24,184.9350649
1,3,Elymus_repens,2,1,0.073,9245,169,0.25,13.6760355,187.3429521
1,3,Elymus_repens,1,1,0.058,7836,176,0.25,11.13068182,191.9083072
1,4,Elymus_repens,4,1,0.111,277317,3245,0.25,21.36494607,192.4769916
8,1,Elymus_repens,1,1,0.058,,,,11.17,192.5862069
3,4,Elymus_repens,2,1,0.063,,,,12.28,194.9206349
1,1,Elymus_repens,4,1,0.056,12073,272,0.25,11.09650735,198.151917
4,4,Elymus_repens,1,1,0.059,,,,12.01,203.559322
14,1,Elymus_repens,3,1,0.065,,,,13.57,208.7692308
1,3,Elymus_repens,4,1,0.051,9044,210,0.25,10.76666667,211.1111112
2,1,Elymus_repens,1,1,0.06,241585,4752,0.25,12.70964857,211.8274762
1,3,Elymus_repens,5,1,0.057,11050,225,0.25,12.27777778,215.3996102
2,1,Elymus_repens,2,1,0.02,182745,9216,0.25,4.957275391,247.8637696
4,1,Elymus_repens,3,1,0.041,,,,11.33,276.3414634
1,1,Elymus_repens,1,1,0.054,15496,225,0.25,17.21777778,318.8477367
12,1,Epilobium_coloratum,1,1,0.013,,,,1.25,96.15384615
1,4,Epilobium_coloratum,1,1,0.006,43590,18216,0.25,0.598237813,99.70630215
12,1,Epilobium_coloratum,3,1,0.014,,,,1.44,102.8571429
12,1,Epilobium_coloratum,2,1,0.013,,,,1.54,118.4615385
1,4,Epilobium_coloratum,3,1,0.004,28192,13680,0.25,0.515204678,128.8011696
1,4,Epilobium_coloratum,2,1,0.005,38969,11664,0.25,0.835240912,167.0481824
5,1,Euthamia_graminifolia,1,1,0.042,,,,6.09,145
5,4,Euthamia_graminifolia,1,1,0.053,,,,8.69,163.9622642
8,1,Euthamia_graminifolia,1,1,0.021,,,,3.56,169.5238095
5,1,Euthamia_graminifolia,3,1,0.046,,,,7.89,171.5217391
7,1,Euthamia_graminifolia,3,1,0.039,,,,6.78,173.8461538
7,1,Euthamia_graminifolia,2,1,0.043,,,,7.59,176.5116279
5,4,Euthamia_graminifolia,3,1,0.028,,,,5.08,181.4285714
4,1,Euthamia_graminifolia,2,1,0.044,,,,8.9,202.2727273
7,1,Euthamia_graminifolia,1,1,0.032,,,,7.15,223.4375
6,1,Euthamia_graminifolia,1,1,0.019,,,,4.32,227.3684211
4,1,Euthamia_graminifolia,1,1,0.029,,,,6.66,229.6551724
6,1,Euthamia_graminifolia,3,1,0.028,,,,6.51,232.5
5,1,Euthamia_graminifolia,2,1,0.033,,,,7.99,242.1212121
6,1,Euthamia_graminifolia,2,1,0.041,,,,10.52,256.5853659
5,4,Euthamia_graminifolia,2,1,0.039,,,,15.48,396.9230769
9,4,Festuca_rubra,2,1,0.002,,,,0.01,5
11,1,Festuca_rubra,3,1,0.039,,,,0.23,5.897435897
11,4,Festuca_rubra,1,1,0.021,,,,0.14,6.666666667
13,1,Festuca_rubra,3,1,0.019,,,,0.13,6.842105263
11,4,Festuca_rubra,2,1,0.026,,,,0.18,6.923076923
14,4,Festuca_rubra,3,1,0.036,,,,0.35,9.722222222
3,1,Festuca_rubra,1,1,0.001,,,,0.01,10
9,1,Festuca_rubra,3,1,0.002,,,,0.02,10
9,4,Festuca_rubra,3,1,0.001,,,,0.01,10
11,1,Festuca_rubra,2,1,0.028,,,,0.3,10.71428571
11,1,Festuca_rubra,1,1,0.027,,,,0.33,12.22222222
14,4,Festuca_rubra,2,1,0.047,,,,0.76,16.17021277
9,4,Festuca_rubra,1,1,0.003,,,,0.05,16.66666667
13,1,Festuca_rubra,1,1,0.044,,,,0.77,17.5
10,4,Festuca_rubra,3,1,0.009,,,,0.18,20
13,1,Festuca_rubra,2,1,0.033,,,,0.68,20.60606061
13,4,Festuca_rubra,2,1,0.05,,,,1.06,21.2
14,4,Festuca_rubra,1,1,0.041,,,,0.87,21.2195122
12,1,Festuca_rubra,1,1,0.029,,,,0.69,23.79310345
3,1,Festuca_rubra,2,1,0.002,,,,0.05,25
12,1,Festuca_rubra,3,1,0.067,,,,1.95,29.10447761
8,4,Festuca_rubra,2,1,0.001,,,,0.03,30
14,1,Festuca_rubra,3,1,0.039,,,,1.25,32.05128205
11,4,Festuca_rubra,3,1,0.046,,,,1.59,34.56521739
9,1,Festuca_rubra,1,1,0.004,,,,0.14,35
14,1,Festuca_rubra,2,1,0.11,,,,3.86,35.09090909
12,4,Festuca_rubra,2,1,0.041,,,,1.47,35.85365854
1,1,Festuca_rubra,3,1,0.008,679,550,0.25,0.308636364,38.57954545
8,4,Festuca_rubra,3,1,0.001,,,,0.04,40
13,4,Festuca_rubra,1,1,0.053,,,,2.14,40.37735849
7,1,Festuca_rubra,3,1,0.007,,,,0.29,41.42857143
12,4,Festuca_rubra,3,1,0.041,,,,1.71,41.70731707
6,4,Festuca_rubra,1,1,0.003,,,,0.13,43.33333333
4,4,Festuca_rubra,1,1,0.005,,,,0.23,46
4,4,Festuca_rubra,2,1,0.006,,,,0.3,50
8,1,Festuca_rubra,2,1,0.008,,,,0.4,50
1,1,Festuca_rubra,2,1,0.006,630,506,0.25,0.311264822,51.87747035
8,4,Festuca_rubra,1,1,0.005,,,,0.26,52
9,1,Festuca_rubra,2,1,0.005,,,,0.27,54
13,4,Festuca_rubra,3,1,0.03,,,,1.62,54
14,1,Festuca_rubra,1,1,0.096,,,,5.47,56.97916667
1,1,Festuca_rubra,4,1,0.005,511,441,0.25,0.28968254,57.93650794
1,1,Festuca_rubra,6,1,0.004,486,506,0.25,0.240118577,60.02964428
4,4,Festuca_rubra,3,1,0.004,,,,0.26,65
6,4,Festuca_rubra,2,1,0.002,,,,0.13,65
7,4,Festuca_rubra,2,1,0.038,,,,2.48,65.26315789
6,1,Festuca_rubra,2,1,0.003,,,,0.2,66.66666667
12,4,Festuca_rubra,1,1,0.054,,,,3.69,68.33333333
6,1,Festuca_rubra,3,1,0.003,,,,0.22,73.33333333
12,1,Festuca_rubra,2,1,0.067,,,,5.14,76.71641791
4,1,Festuca_rubra,1,1,0.008,,,,0.68,85
3,1,Festuca_rubra,3,1,0.001,,,,0.09,90
7,4,Festuca_rubra,1,1,0.006,,,,0.56,93.33333333
7,1,Festuca_rubra,1,1,0.004,,,,0.38,95
2,4,Festuca_rubra,3,1,0.006,18555,8100,0.25,0.572685185,95.44753087
1,3,Festuca_rubra,2,1,0.061,5227,220,0.25,5.939772727,97.37332339
8,1,Festuca_rubra,1,1,0.001,,,,0.1,100
10,4,Festuca_rubra,1,1,0.002,,,,0.2,100
1,1,Festuca_rubra,1,1,0.005,1461,729,0.25,0.501028807,100.2057613
1,2,Festuca_rubra,4,1,0.048,4699,240,0.25,4.894791667,101.9748264
1,2,Festuca_rubra,7,1,0.046,5439,272,0.25,4.999080882,108.6756713
10,1,Festuca_rubra,2,1,0.007,,,,0.78,111.4285714
1,3,Festuca_rubra,7,1,0.053,3933,166,0.25,5.923192771,111.7583542
6,1,Festuca_rubra,1,1,0.008,,,,0.92,115
8,1,Festuca_rubra,3,1,0.002,,,,0.23,115
2,1,Festuca_rubra,3,1,0.024,84402,7560,0.25,2.791071429,116.2946429
1,2,Festuca_rubra,5,1,0.051,5469,224,0.25,6.103794643,119.6822479
2,1,Festuca_rubra,1,1,0.057,208631,7560,0.25,6.89917328,121.0381277
1,3,Festuca_rubra,3,1,0.051,88027,3481,0.25,6.32196208,123.9600408
1,3,Festuca_rubra,6,1,0.023,3412,294,0.25,2.901360544,126.1461106
1,4,Festuca_rubra,1,1,0.005,39962,15120,0.25,0.660747355,132.1494709
1,2,Festuca_rubra,6,1,0.023,3147,256,0.25,3.073242188,133.6192256
2,1,Festuca_rubra,2,1,0.021,100171,8448,0.25,2.964340672,141.1590796
7,4,Festuca_rubra,3,1,0.04,,,,5.74,143.5
1,4,Festuca_rubra,2,1,0.006,42537,12312,0.25,0.863730507,143.9550845
1,3,Festuca_rubra,4,1,0.048,6709,240,0.25,6.988541667,145.5946181
2,4,Festuca_rubra,2,1,0.002,5633,4752,0.25,0.296348906,148.1744529
10,4,Festuca_rubra,2,1,0.002,,,,0.33,165
7,1,Festuca_rubra,2,1,0.01,,,,1.73,173
1,2,Festuca_rubra,2,1,0.042,6601,224,0.25,7.3671875,175.4092262
1,2,Festuca_rubra,3,1,0.018,4958,353,0.25,3.511331445,195.0739692
1,3,Festuca_rubra,5,1,0.002,1611,1021,0.25,0.39446621,197.2331048
10,1,Festuca_rubra,3,1,0.002,,,,0.41,205
10,1,Festuca_rubra,1,1,0.001,,,,0.22,220
1,3,Festuca_rubra,1,1,0.003,1131,420,0.25,0.673214286,224.4047619
2,4,Festuca_rubra,1,1,0.004,32070,5616,0.25,1.427617521,356.9043803
2,1,Tragopogon_dubius,1,1,0.01,145342,15120,0.25,2.403141534,240.3141534
10,1,Tragopogon_dubius,1,1,0.011,,,,3.26,296.3636364
2,1,Tragopogon_dubius,3,1,0.016,187471,9720,0.25,4.821784979,301.3615612
2,1,Tragopogon_dubius,2,1,0.009,211681,15120,0.25,3.500016534,388.890726
14,4,Hieracium_caespitosum,3,1,0.151,,,,29.89,197.9470199
14,4,Hieracium_caespitosum,1,1,0.099,,,,20.42,206.2626263
14,4,Hieracium_caespitosum,2,1,0.082,,,,17.39,212.0731707
2,1,Hieracium_caespitosum,1,1,0.015,268121,13680,0.25,4.899872076,326.6581384
2,1,Hieracium_caespitosum,2,1,0.012,290947,18144,0.25,4.008859678,334.0716398
2,1,Hieracium_caespitosum,3,1,0.0037,456303,15840,0.25,7.201751894,1946.419431
1,1,Linaria_vulgaris,5,1,0.003,437,400,0.25,0.273125,91.04166667
1,1,Linaria_vulgaris,2,1,0.006,1061,420,0.25,0.631547619,105.2579365
1,1,Linaria_vulgaris,1,1,0.006,1230,462,0.25,0.665584416,110.9307359
1,1,Linaria_vulgaris,7,1,0.003,801,529,0.25,0.378544423,126.1814745
1,1,Linaria_vulgaris,6,1,0.003,753,462,0.25,0.407467533,135.8225108
1,3,Linaria_vulgaris,7,1,0.023,6914,462,0.25,3.741341991,162.6670431
1,4,Linaria_vulgaris,4,1,0.003,7188,3654,0.25,0.491789819,163.9299398
1,2,Linaria_vulgaris,3,1,0.012,5286,648,0.25,2.039351852,169.9459877
1,2,Linaria_vulgaris,5,1,0.012,5531,675,0.25,2.048518519,170.7098766
1,4,Linaria_vulgaris,5,1,0.007,13184,2430,0.25,1.356378601,193.7683716
2,4,Linaria_vulgaris,2,1,0.001,16251,20736,0.25,0.195927373,195.9273727
1,4,Linaria_vulgaris,7,1,0.006,13004,2750,0.25,1.182181818,197.030303
1,3,Linaria_vulgaris,2,1,0.008,3660,506,0.25,1.808300395,226.0375494
1,2,Linaria_vulgaris,4,1,0.006,4349,783,0.25,1.388569604,231.4282673
1,1,Linaria_vulgaris,3,1,0.002,930,483,0.25,0.48136646,240.6832298
1,3,Linaria_vulgaris,4,1,0.001,694,676,0.25,0.256656805,256.6568047
1,4,Linaria_vulgaris,6,1,0.005,24917,4554,0.25,1.367863417,273.5726834
1,1,Linaria_vulgaris,4,1,0.004,1350,256,0.25,1.318359375,329.5898438
1,2,Linaria_vulgaris,7,1,0.0031,2406,528,0.25,1.139204545,367.4853371
1,2,Linaria_vulgaris,6,1,0.002,2347,756,0.25,0.776124339,388.0621693
1,3,Linaria_vulgaris,5,1,0.003,1715,361,0.25,1.18767313,395.8910433
1,3,Linaria_vulgaris,1,1,0.002,1324,340,0.25,0.973529412,486.7647059
1,3,Linaria_vulgaris,6,1,0.002,1953,484,0.25,1.008780992,504.390496
7,1,Linaria_vulgaris,1,1,0.001,,,,0.02,20
13,1,Linaria_vulgaris,1,1,0.001,,,,0.03,30
13,1,Linaria_vulgaris,2,1,0.003,,,,0.32,106.6666667
13,4,Linaria_vulgaris,3,1,0.001,,,,0.11,110
10,4,Linaria_vulgaris,2,1,0.005,,,,0.61,122
10,4,Linaria_vulgaris,1,1,0.002,,,,0.32,160
13,1,Linaria_vulgaris,3,1,0.001,,,,0.18,180
2,4,Linaria_vulgaris,1,1,0.001,19959,27216,0.25,0.183338845,183.3388448
1,4,Linaria_vulgaris,2,1,0.005,65244,17388,0.25,0.938060732,187.6121463
14,4,Linaria_vulgaris,3,1,0.002,,,,0.4,200
1,4,Linaria_vulgaris,1,1,0.013,136440,12960,0.25,2.631944444,202.4572649
7,1,Linaria_vulgaris,2,1,0.001,,,,0.23,230
13,4,Linaria_vulgaris,2,1,0.002,,,,0.48,240
10,4,Linaria_vulgaris,3,1,0.001,,,,0.25,250
9,1,Linaria_vulgaris,2,1,0.001,,,,0.26,260
14,4,Linaria_vulgaris,1,1,0.001,,,,0.26,260
13,4,Linaria_vulgaris,1,1,0.004,,,,1.07,267.5
1,4,Linaria_vulgaris,3,1,0.003,51012,15876,0.25,0.803287982,267.7626606
14,4,Linaria_vulgaris,2,1,0.001,,,,0.31,310
2,4,Linaria_vulgaris,3,1,0.001,27663,15120,0.25,0.457390873,457.390873
6,4,Linaria_vulgaris,2,1,0.001,,,,0.61,610
6,4,Linaria_vulgaris,1,1,0.001,,,,0.66,660
6,4,Linaria_vulgaris,3,1,0.001,,,,1.42,1420
7,1,Lolium_aparine,1,1,0.041,,,,7.56,184.3902439
6,1,Lolium_aparine,2,1,0.052,,,,10.87,209.0384615
7,1,Lolium_aparine,2,1,0.021,,,,4.6,219.047619
6,1,Lolium_aparine,1,1,0.059,,,,13.96,236.6101695
6,1,Lolium_aparine,3,1,0.033,,,,8.36,253.3333333
7,4,Lolium_aparine,1,1,0.028,,,,7.46,266.4285714
7,1,Lolium_aparine,3,1,0.05,,,,16.24,324.8
7,4,Lolium_aparine,2,1,0.017,,,,7.06,415.2941176
13,1,Medicago_lupulina,2,1,0.009,,,,1.04,115.5555556
14,4,Medicago_lupulina,1,1,0.004,,,,0.54,135
13,1,Medicago_lupulina,1,1,0.012,,,,1.74,145
2,4,Medicago_lupulina,3,1,0.002,19839,16800,0.25,0.295223214,147.6116072
13,4,Medicago_lupulina,2,1,0.004,,,,0.65,162.5
13,1,Medicago_lupulina,3,1,0.009,,,,1.65,183.3333333
14,4,Medicago_lupulina,3,1,0.008,,,,1.59,198.75
12,1,Medicago_lupulina,3,1,0.005,,,,1.02,204
13,4,Medicago_lupulina,1,1,0.005,,,,1.04,208
14,4,Medicago_lupulina,2,1,0.006,,,,1.29,215
12,4,Medicago_lupulina,1,1,0.004,,,,1.01,252.5
2,4,Medicago_lupulina,2,1,0.001,20864,17708,0.25,0.294556133,294.5561328
2,1,Medicago_lupulina,1,1,0.004,106543,20736,0.25,1.284517265,321.1293163
3,4,Medicago_lupulina,1,1,0.002,,,,0.67,335
2,4,Medicago_lupulina,1,1,0.001,26593,19044,0.25,0.349099454,349.0994539
2,1,Medicago_lupulina,3,1,0.006,133065,15048,0.25,2.210675837,368.4459728
4,4,Medicago_lupulina,2,1,0.002,,,,0.74,370
13,4,Medicago_lupulina,3,1,0.005,,,,1.9,380
1,2,Medicago_lupulina,1,1,0.009,120455,8568,0.25,3.514676704,390.5196338
12,4,Medicago_lupulina,2,1,0.003,,,,1.22,406.6666667
12,1,Medicago_lupulina,2,1,0.003,,,,1.24,413.3333333
12,4,Medicago_lupulina,3,1,0.002,,,,0.86,430
4,4,Medicago_lupulina,1,1,0.002,,,,0.87,435
12,1,Medicago_lupulina,1,1,0.002,,,,0.92,460
3,1,Medicago_lupulina,1,1,0.002,,,,0.93,465
5,4,Medicago_lupulina,3,1,0.001,,,,0.57,570
2,1,Medicago_lupulina,2,1,0.002,91685,19800,0.25,1.157638889,578.8194445
5,4,Medicago_lupulina,1,1,0.004,,,,3.16,790
5,1,Medicago_lupulina,1,1,0.003,,,,2.38,793.3333333
5,4,Medicago_lupulina,2,1,0.001,,,,0.84,840
1,3,Melilotus_albus,1,1,0.029,9472,480,0.25,4.933333333,170.1149425
4,1,Monarda_fistulosa,1,1,0.07,,,,2.51,35.85714286
5,1,Monarda_fistulosa,2,1,0.044,,,,4.76,108.1818182
14,4,Monarda_fistulosa,1,1,0.034,,,,4.14,121.7647059
2,1,Monarda_fistulosa,1,1,0.022,230319,20700,0.25,2.781630435,126.437747
13,1,Monarda_fistulosa,2,1,0.014,,,,1.79,127.8571429
1,4,Monarda_fistulosa,7,1,0.069,87641,2304,0.25,9.509657118,137.8211177
10,1,Monarda_fistulosa,3,1,0.04,,,,5.61,140.25
12,1,Monarda_fistulosa,2,1,0.048,,,,6.78,141.25
5,1,Monarda_fistulosa,1,1,0.02,,,,2.83,141.5
2,1,Monarda_fistulosa,3,1,0.011,69743,11016,0.25,1.582765977,143.8878161
12,1,Monarda_fistulosa,3,1,0.041,,,,5.96,145.3658537
1,4,Monarda_fistulosa,6,1,0.089,91559,1764,0.25,12.97604875,145.7983006
11,4,Monarda_fistulosa,1,1,0.061,,,,8.97,147.0491803
8,1,Monarda_fistulosa,2,1,0.041,,,,6.25,152.4390244
14,4,Monarda_fistulosa,2,1,0.047,,,,7.17,152.5531915
1,3,Monarda_fistulosa,1,1,0.057,10643,304,0.25,8.752467105,153.5520545
1,4,Monarda_fistulosa,1,1,0.053,103795,3150,0.25,8.237698413,155.4282719
13,1,Monarda_fistulosa,1,1,0.013,,,,2.05,157.6923077
14,4,Monarda_fistulosa,3,1,0.036,,,,5.69,158.0555556
12,1,Monarda_fistulosa,1,1,0.042,,,,6.73,160.2380952
8,1,Monarda_fistulosa,1,1,0.037,,,,5.93,160.2702703
8,1,Monarda_fistulosa,3,1,0.047,,,,7.59,161.4893617
13,1,Monarda_fistulosa,3,1,0.025,,,,4.07,162.8
11,4,Monarda_fistulosa,3,1,0.056,,,,9.12,162.8571429
10,1,Monarda_fistulosa,2,1,0.028,,,,4.61,164.6428571
13,4,Monarda_fistulosa,3,1,0.022,,,,3.69,167.7272727
14,4,Monarda_fistulosa,3,1,0.069,89058,1900,0.25,11.71815789,169.8283752
7,4,Monarda_fistulosa,3,1,0.081,,,,13.79,170.2469136
4,1,Monarda_fistulosa,2,1,0.047,,,,8.31,176.8085106
10,1,Monarda_fistulosa,1,1,0.015,,,,2.68,178.6666667
10,4,Monarda_fistulosa,1,1,0.005,,,,0.9,180
11,4,Monarda_fistulosa,2,1,0.022,,,,3.97,180.4545455
13,4,Monarda_fistulosa,2,1,0.016,,,,2.92,182.5
1,4,Monarda_fistulosa,4,1,0.054,71140,1800,0.25,9.880555556,182.973251
6,4,Monarda_fistulosa,1,1,0.065,,,,12.35,190
9,1,Monarda_fistulosa,1,1,0.03,,,,5.88,196
6,4,Monarda_fistulosa,2,1,0.054,,,,10.85,200.9259259
1,1,Monarda_fistulosa,1,1,0.043,21820,625,0.25,8.728,202.9767442
1,4,Monarda_fistulosa,2,1,0.03,56634,2300,0.25,6.155869565,205.1956522
2,1,Monarda_fistulosa,2,1,0.038,308564,9792,0.25,7.877961601,207.314779
7,4,Monarda_fistulosa,1,1,0.06,,,,12.46,207.6666667
13,4,Monarda_fistulosa,1,1,0.013,,,,2.75,211.5384615
5,1,Monarda_fistulosa,3,1,0.033,,,,7.06,213.9393939
1,3,Monarda_fistulosa,2,1,0.043,14596,393,0.25,9.284987277,215.9299367
6,4,Monarda_fistulosa,3,1,0.065,,,,14.85,228.4615385
7,4,Monarda_fistulosa,2,1,0.066,,,,15.29,231.6666667
7,1,Monarda_fistulosa,2,1,0.046,,,,11.27,245
1,4,Monarda_fistulosa,5,1,0.041,74425,1840,0.25,10.11209239,246.6363998
9,1,Monarda_fistulosa,2,1,0.019,,,,4.89,257.3684211
7,1,Monarda_fistulosa,1,1,0.026,,,,7.66,294.6153846
7,1,Monarda_fistulosa,3,1,0.039,,,,11.6,297.4358974
1,1,Monarda_fistulosa,7,1,0.0065,22768,593,0.25,9.598650927,1476.715527
7,4,Oenothera_biennis,2,1,0.136,,,,21.24,156.1764706
7,4,Oenothera_biennis,1,1,0.204,,,,34.73,170.245098
7,4,Oenothera_biennis,3,1,0.14,,,,27.85,198.9285714
13,4,Dactylis_glomerata,3,1,0.309,,,,41.12,133.0744337
13,4,Dactylis_glomerata,2,1,0.19,,,,27.97,147.2105263
13,4,Dactylis_glomerata,1,1,0.221,,,,33.87,153.2579186
1,3,Dactylis_glomerata,1,1,0.136,10331,120,0.25,21.52291667,158.2567402
1,3,Dactylis_glomerata,7,1,0.123,9807,112,0.25,21.890625,177.972561
1,3,Dactylis_glomerata,2,1,0.063,8838,168,0.25,13.15178571,208.7585033
1,3,Dactylis_glomerata,6,1,0.079,175677,2440,0.25,17.99969262,227.8442104
1,3,Dactylis_glomerata,5,1,0.074,186034,2496,0.25,18.63321314,251.8001776
1,3,Dactylis_glomerata,4,1,0.066,13996,210,0.25,16.66190476,252.4531024
5,4,Oxalis_stricta,3,1,0.001,,,,0.1,100
13,4,Oxalis_stricta,2,1,0.003,,,,0.45,150
14,1,Oxalis_stricta,2,1,0.002,,,,0.35,175
7,1,Oxalis_stricta,2,1,0.004,,,,0.74,185
3,4,Oxalis_stricta,2,1,0.001,,,,0.19,190
13,4,Oxalis_stricta,1,1,0.002,,,,0.38,190
3,4,Oxalis_stricta,3,1,0.001,,,,0.23,230
14,1,Oxalis_stricta,1,1,0.002,,,,0.47,235
3,1,Oxalis_stricta,1,1,0.003,,,,0.78,260
5,4,Oxalis_stricta,2,1,0.001,,,,0.27,270
14,1,Oxalis_stricta,3,1,0.002,,,,0.55,275
5,1,Oxalis_stricta,3,1,0.002,,,,0.6,300
1,4,Oxalis_stricta,3,1,0.004,86558,16560,0.25,1.306733092,326.683273
4,4,Oxalis_stricta,1,1,0.001,,,,0.42,420
5,1,Oxalis_stricta,1,1,0.001,,,,0.44,440
5,4,Oxalis_stricta,1,1,0.001,,,,0.48,480
1,4,Oxalis_stricta,2,1,0.003,96332,16560,0.25,1.45428744,484.76248
13,4,Oxalis_stricta,3,1,0.002,,,,0.99,495
3,4,Oxalis_stricta,1,1,0.001,,,,0.5,500
1,4,Oxalis_stricta,1,1,0.001,56599,19872,0.25,0.712044585,712.0445853
7,1,Oxalis_stricta,3,1,0.002,,,,1.44,720
5,1,Oxalis_stricta,2,1,0.001,,,,0.87,870
4,4,Oxalis_stricta,2,1,0.001,,,,0.9,900
4,4,Oxalis_stricta,3,1,0.001,,,,1.03,1030
7,1,Oxalis_stricta,1,1,0.001,,,,1.71,1710
13,1,Plantago_lanceolata,1,1,0.096,,,,11.17,116.3541667
13,1,Plantago_lanceolata,2,1,0.062,,,,7.68,123.8709677
10,1,Plantago_lanceolata,2,1,0.034,,,,4.57,134.4117647
13,1,Plantago_lanceolata,3,1,0.07,,,,10.31,147.2857143
1,2,Plantago_lanceolata,3,1,0.032,8451,380,0.25,5.559868421,173.7458882
10,1,Plantago_lanceolata,1,1,0.038,,,,9.46,248.9473684
1,2,Plantago_lanceolata,1,1,0.015,8414,506,0.25,4.157114625,277.140975
5,1,Plantago_lanceolata,1,1,0.033,,,,9.44,286.0606061
1,2,Plantago_lanceolata,2,1,0.028,11150,342,0.25,8.150584795,291.0923141
11,1,Ratibida_pinnata,2,1,0.227,,,,21.83,96.16740088
13,1,Ratibida_pinnata,2,1,0.323,,,,34.9,108.0495356
12,4,Ratibida_pinnata,1,1,0.194,,,,22.32,115.0515464
13,4,Ratibida_pinnata,2,1,0.06,,,,7.79,129.8333333
13,1,Ratibida_pinnata,3,1,0.117,,,,15.54,132.8205128
1,2,Ratibida_pinnata,2,1,0.027,8219,572,0.25,3.59222028,133.0451956
10,4,Ratibida_pinnata,1,1,0.123,,,,16.51,134.2276423
1,2,Ratibida_pinnata,7,1,0.041,7167,323,0.25,5.547213622,135.2978932
8,4,Ratibida_pinnata,1,1,0.089,,,,12.28,137.9775281
7,1,Ratibida_pinnata,1,1,0.155,,,,21.63,139.5483871
11,1,Ratibida_pinnata,3,1,0.152,,,,21.59,142.0394737
13,4,Ratibida_pinnata,1,1,0.068,,,,9.81,144.2647059
10,4,Ratibida_pinnata,2,1,0.131,,,,18.93,144.5038168
13,1,Ratibida_pinnata,1,1,0.122,,,,17.8,145.9016393
11,1,Ratibida_pinnata,1,1,0.21,,,,30.92,147.2380952
7,1,Ratibida_pinnata,2,1,0.199,,,,29.44,147.9396985
8,4,Ratibida_pinnata,2,1,0.058,,,,8.63,148.7931034
12,4,Ratibida_pinnata,2,1,0.119,,,,18.02,151.4285714
13,4,Ratibida_pinnata,3,1,0.063,,,,9.9,157.1428571
14,1,Ratibida_pinnata,1,1,0.118,,,,18.55,157.2033898
1,3,Ratibida_pinnata,1,1,0.111,253010,3600,0.25,17.57013889,158.2895395
1,2,Ratibida_pinnata,6,1,0.024,8742,572,0.25,3.820804196,159.2001748
8,4,Ratibida_pinnata,3,1,0.058,,,,9.48,163.4482759
10,4,Ratibida_pinnata,3,1,0.209,,,,34.41,164.6411483
2,4,Ratibida_pinnata,2,1,0.066,482731,11016,0.25,10.95522422,165.9882458
1,3,Ratibida_pinnata,4,1,0.118,17069,217,0.25,19.66474654,166.6503944
3,1,Ratibida_pinnata,3,1,0.071,,,,11.93,168.028169
1,3,Ratibida_pinnata,2,1,0.083,23648,420,0.25,14.07619048,169.5926564
1,2,Ratibida_pinnata,1,1,0.038,13548,506,0.25,6.693675889,176.1493655
9,4,Ratibida_pinnata,3,1,0.019,,,,3.5,184.2105263
14,1,Ratibida_pinnata,2,1,0.065,,,,12.28,188.9230769
1,2,Ratibida_pinnata,3,1,0.032,11227,462,0.25,6.07521645,189.8505141
7,1,Ratibida_pinnata,3,1,0.163,,,,31.65,194.1717791
14,1,Ratibida_pinnata,3,1,0.159,,,,32.01,201.3207547
1,2,Ratibida_pinnata,5,1,0.063,23777,462,0.25,12.86634199,204.2276506
1,3,Ratibida_pinnata,3,1,0.067,14512,265,0.25,13.69056604,204.3368066
9,4,Ratibida_pinnata,2,1,0.017,,,,3.57,210
1,3,Ratibida_pinnata,6,1,0.15,32337,224,0.25,36.09040179,240.6026786
1,3,Ratibida_pinnata,5,1,0.062,19273,306,0.25,15.74591503,253.9663715
9,4,Ratibida_pinnata,1,1,0.028,,,,7.44,265.7142857
3,1,Ratibida_pinnata,2,1,0.038,,,,10.52,276.8421053
2,4,Ratibida_pinnata,3,1,0.114,838144,6552,0.25,31.98046398,280.5303858
1,3,Ratibida_pinnata,7,1,0.119,38399,273,0.25,35.16391941,295.4951211
3,1,Ratibida_pinnata,1,1,0.037,,,,11.15,301.3513514
4,4,Ratibida_pinnata,1,1,0.026,,,,8.32,320
6,1,Ratibida_pinnata,2,1,0.032,,,,10.65,332.8125
5,4,Ratibida_pinnata,2,1,0.044,,,,15.48,351.8181818
5,4,Ratibida_pinnata,3,1,0.053,,,,20.34,383.7735849
1,2,Ratibida_pinnata,4,1,0.041,449707,7056,0.25,15.93349632,388.6218615
6,1,Ratibida_pinnata,3,1,0.057,,,,22.81,400.1754386
6,1,Ratibida_pinnata,1,1,0.058,,,,23.39,403.2758621
5,4,Ratibida_pinnata,1,1,0.074,,,,32.29,436.3513514
13,4,Rudbeckia_hirta,1,1,0.07,,,,6.65,95
13,4,Rudbeckia_hirta,2,1,0.292,,,,33.26,113.9041096
5,4,Rudbeckia_hirta,1,1,0.017,,,,7.07,415.8823529
6,4,Silene_latifolia,2,1,0.021,,,,3.17,150.952381
6,4,Silene_latifolia,1,1,0.009,,,,2.03,225.5555556
6,4,Silene_latifolia,3,1,0.008,,,,2.64,330
2,4,Solidago_canadensis,1,1,0.091,374791,11050,0.25,8.479434389,93.18059768
14,1,Solidago_canadensis,1,1,0.019,,,,1.89,99.47368421
12,4,Solidago_canadensis,1,1,0.054,,,,5.46,101.1111111
9,4,Solidago_canadensis,2,1,0.085,,,,8.71,102.4705882
4,1,Solidago_canadensis,2,1,0.034,,,,3.53,103.8235294
3,1,Solidago_canadensis,2,1,0.034,,,,3.73,109.7058824
3,4,Solidago_canadensis,1,1,0.051,,,,5.95,116.6666667
1,2,Solidago_canadensis,3,1,0.091,10833,255,0.25,10.62058824,116.7097609
10,1,Solidago_canadensis,3,1,0.04,,,,4.67,116.75
13,1,Solidago_canadensis,2,1,0.053,,,,6.2,116.9811321
10,4,Solidago_canadensis,2,1,0.035,,,,4.12,117.7142857
4,4,Solidago_canadensis,2,1,0.117,,,,14.11,120.5982906
14,4,Solidago_canadensis,3,1,0.022,,,,2.68,121.8181818
9,1,Solidago_canadensis,3,1,0.056,,,,6.96,124.2857143
14,4,Solidago_canadensis,2,1,0.048,,,,6.03,125.625
1,3,Solidago_canadensis,4,1,0.062,12553,400,0.25,7.845625,126.5423387
14,1,Solidago_canadensis,3,1,0.055,,,,7.01,127.4545455
11,4,Solidago_canadensis,2,1,0.064,,,,8.33,130.15625
12,4,Solidago_canadensis,2,1,0.02,,,,2.62,131
10,1,Solidago_canadensis,1,1,0.071,,,,9.34,131.5492958
13,1,Solidago_canadensis,1,1,0.05,,,,6.63,132.6
1,1,Solidago_canadensis,5,1,0.106,14479,256,0.25,14.13964844,133.3929098
13,1,Solidago_canadensis,3,1,0.037,,,,4.98,134.5945946
13,4,Solidago_canadensis,1,1,0.059,,,,7.96,134.9152542
4,4,Solidago_canadensis,1,1,0.096,,,,12.98,135.2083333
11,1,Solidago_canadensis,3,1,0.064,,,,8.69,135.78125
11,4,Solidago_canadensis,1,1,0.04,,,,5.55,138.75
10,4,Solidago_canadensis,3,1,0.076,,,,10.59,139.3421053
11,1,Solidago_canadensis,1,1,0.027,,,,3.83,141.8518519
2,1,Solidago_canadensis,3,1,0.006,40392,11664,0.25,0.865740741,144.2901235
12,1,Solidago_canadensis,3,1,0.062,,,,9.1,146.7741935
5,1,Solidago_canadensis,3,1,0.11,,,,16.17,147
4,4,Solidago_canadensis,3,1,0.055,,,,8.1,147.2727273
3,4,Solidago_canadensis,2,1,0.045,,,,6.68,148.4444444
1,2,Solidago_canadensis,4,1,0.063,16954,452,0.25,9.377212389,148.8446411
12,1,Solidago_canadensis,1,1,0.057,,,,8.57,150.3508772
13,4,Solidago_canadensis,2,1,0.034,,,,5.21,153.2352941
3,1,Solidago_canadensis,3,1,0.05,,,,7.74,154.8
1,2,Solidago_canadensis,1,1,0.039,14383,590,0.25,6.094491525,156.2690135
5,1,Solidago_canadensis,1,1,0.044,,,,6.88,156.3636364
9,4,Solidago_canadensis,3,1,0.044,,,,6.96,158.1818182
6,4,Solidago_canadensis,1,1,0.032,,,,5.08,158.75
10,1,Solidago_canadensis,2,1,0.03,,,,4.78,159.3333333
3,1,Solidago_canadensis,1,1,0.03,,,,4.84,161.3333333
7,4,Solidago_canadensis,1,1,0.076,,,,12.47,164.0789474
11,1,Solidago_canadensis,2,1,0.05,,,,8.22,164.4
1,1,Solidago_canadensis,3,1,0.063,8126,196,0.25,10.36479592,164.5205702
1,4,Solidago_canadensis,2,1,0.095,182070,2880,0.25,15.8046875,166.3651316
1,1,Solidago_canadensis,1,1,0.11,16551,225,0.25,18.39,167.1818182
14,1,Solidago_canadensis,2,1,0.045,,,,7.63,169.5555556
14,4,Solidago_canadensis,1,1,0.041,,,,6.99,170.4878049
5,1,Solidago_canadensis,2,1,0.05,,,,8.53,170.6
9,1,Solidago_canadensis,2,1,0.051,,,,8.71,170.7843137
1,1,Solidago_canadensis,4,1,0.029,5786,288,0.25,5.022569444,173.1920498
12,1,Solidago_canadensis,2,1,0.052,,,,9.1,175
11,4,Solidago_canadensis,3,1,0.034,,,,5.96,175.2941176
7,1,Solidago_canadensis,2,1,0.06,,,,10.76,179.3333333
10,4,Solidago_canadensis,1,1,0.066,,,,11.84,179.3939394
13,4,Solidago_canadensis,3,1,0.057,,,,10.51,184.3859649
7,1,Solidago_canadensis,3,1,0.106,,,,19.56,184.5283019
6,4,Solidago_canadensis,3,1,0.05,,,,9.27,185.4
4,1,Solidago_canadensis,1,1,0.034,,,,6.33,186.1764706
9,1,Solidago_canadensis,1,1,0.046,,,,8.58,186.5217391
1,4,Solidago_canadensis,1,1,0.068,133390,2592,0.25,12.86554784,189.1992329
4,1,Solidago_canadensis,3,1,0.036,,,,6.84,190
5,4,Solidago_canadensis,3,1,0.035,,,,6.66,190.2857143
12,4,Solidago_canadensis,3,1,0.04,,,,7.62,190.5
8,4,Solidago_canadensis,3,1,0.047,,,,9.03,192.1276596
6,1,Solidago_canadensis,3,1,0.023,,,,4.46,193.9130435
1,3,Solidago_canadensis,7,1,0.034,16026,598,0.25,6.699832776,197.0539052
1,3,Solidago_canadensis,1,1,0.06,22037,456,0.25,12.0816886,201.3614767
8,4,Solidago_canadensis,1,1,0.093,,,,18.87,202.9032258
1,3,Solidago_canadensis,6,1,0.034,21269,756,0.25,7.033399471,206.8646903
5,4,Solidago_canadensis,2,1,0.047,,,,9.82,208.9361702
1,2,Solidago_canadensis,7,1,0.021,12892,729,0.25,4.421124829,210.5297538
1,4,Solidago_canadensis,5,1,0.027,52915,2304,0.25,5.741644965,212.6535172
1,4,Solidago_canadensis,6,1,0.034,75603,2592,0.25,7.291956019,214.4692947
1,1,Solidago_canadensis,6,1,0.048,5933,144,0.25,10.30034722,214.5905671
7,4,Solidago_canadensis,3,1,0.122,,,,26.51,217.295082
1,2,Solidago_canadensis,2,1,0.028,14724,602,0.25,6.11461794,218.3792121
1,2,Solidago_canadensis,6,1,0.036,21228,675,0.25,7.862222222,218.3950617
1,3,Solidago_canadensis,3,1,0.038,18571,550,0.25,8.441363636,222.1411483
1,1,Solidago_canadensis,2,1,0.025,4140,182,0.25,5.686813187,227.4725275
2,4,Solidago_canadensis,2,1,0.032,305294,10404,0.25,7.335976547,229.2492671
6,1,Solidago_canadensis,2,1,0.028,,,,6.52,232.8571429
1,4,Solidago_canadensis,4,1,0.036,77406,2304,0.25,8.399088542,233.3080151
6,4,Solidago_canadensis,2,1,0.024,,,,5.62,234.1666667
1,2,Solidago_canadensis,5,1,0.052,16223,323,0.25,12.55650155,241.4711837
1,4,Solidago_canadensis,7,1,0.031,95323,3136,0.25,7.599091199,245.1319742
9,4,Solidago_canadensis,1,1,0.035,,,,8.58,245.1428571
2,1,Solidago_canadensis,2,1,0.016,193473,12312,0.25,3.928545322,245.5340826
1,4,Solidago_canadensis,3,1,0.078,178419,2304,0.25,19.35970052,248.2012887
2,1,Solidago_canadensis,1,1,0.039,358402,9216,0.25,9.722276476,249.2891404
5,4,Solidago_canadensis,1,1,0.032,,,,8.21,256.5625
2,4,Solidago_canadensis,3,1,0.032,292466,8640,0.25,8.46255787,264.4549334
7,4,Solidago_canadensis,2,1,0.073,,,,20.34,278.630137
1,3,Solidago_canadensis,5,1,0.03,17961,528,0.25,8.504261364,283.4753788
8,4,Solidago_canadensis,2,1,0.056,,,,18.63,332.6785714
7,1,Solidago_canadensis,1,1,0.067,,,,24.14,360.2985075
6,1,Solidago_canadensis,1,1,0.026,,,,10.44,401.5384615
2,1,Solidago_nemoralis,3,1,0.07,65176,9792,0.25,1.664011438,23.77159197
7,4,Solidago_nemoralis,2,1,0.218,,,,14,64.22018349
4,4,Solidago_nemoralis,1,1,0.13,,,,11.81,90.84615385
8,1,Solidago_nemoralis,2,1,0.115,,,,10.6,92.17391304
9,1,Solidago_nemoralis,1,1,0.27,,,,25.01,92.62962963
12,1,Solidago_nemoralis,1,1,0.072,,,,6.8,94.44444444
10,4,Solidago_nemoralis,2,1,0.188,,,,17.9,95.21276596
13,1,Solidago_nemoralis,2,1,0.046,,,,4.49,97.60869565
1,4,Solidago_nemoralis,2,1,0.106,113817,2704,0.25,10.52302145,99.27378726
14,4,Solidago_nemoralis,2,1,0.114,,,,11.59,101.6666667
14,1,Solidago_nemoralis,3,1,0.094,,,,9.74,103.6170213
8,1,Solidago_nemoralis,1,1,0.143,,,,15.27,106.7832168
12,1,Solidago_nemoralis,3,1,0.12,,,,12.89,107.4166667
10,1,Solidago_nemoralis,3,1,0.114,,,,12.29,107.8070175
2,4,Solidago_nemoralis,3,1,0.052,324133,14281,0.25,5.674199986,109.1192305
1,2,Solidago_nemoralis,2,1,0.054,9463,400,0.25,5.914375,109.525463
5,1,Solidago_nemoralis,1,1,0.18,,,,19.83,110.1666667
9,4,Solidago_nemoralis,2,1,0.081,,,,9.1,112.345679
4,4,Solidago_nemoralis,3,1,0.136,,,,15.33,112.7205882
1,4,Solidago_nemoralis,1,1,0.079,94367,2600,0.25,9.07375,114.8575949
13,4,Solidago_nemoralis,3,1,0.072,,,,8.28,115
9,1,Solidago_nemoralis,3,1,0.228,,,,26.43,115.9210526
14,1,Solidago_nemoralis,2,1,0.062,,,,7.2,116.1290323
1,2,Solidago_nemoralis,1,1,0.123,10499,182,0.25,14.4217033,117.2496203
13,1,Solidago_nemoralis,3,1,0.053,,,,6.26,118.1132075
1,2,Solidago_nemoralis,3,1,0.115,17593,323,0.25,13.61687307,118.4075919
9,4,Solidago_nemoralis,1,1,0.161,,,,19.19,119.1925466
3,1,Solidago_nemoralis,1,1,0.094,,,,11.28,120
6,4,Solidago_nemoralis,1,1,0.051,,,,6.25,122.5490196
9,1,Solidago_nemoralis,2,1,0.076,,,,9.36,123.1578947
11,4,Solidago_nemoralis,1,1,0.073,,,,9,123.2876712
1,2,Solidago_nemoralis,4,1,0.08,16539,418,0.25,9.891746411,123.6468301
11,1,Solidago_nemoralis,3,1,0.065,,,,8.12,124.9230769
12,4,Solidago_nemoralis,2,1,0.048,,,,6.02,125.4166667
10,4,Solidago_nemoralis,3,1,0.175,,,,22.14,126.5142857
11,4,Solidago_nemoralis,2,1,0.104,,,,13.16,126.5384615
11,1,Solidago_nemoralis,1,1,0.12,,,,15.39,128.25
13,4,Solidago_nemoralis,2,1,0.044,,,,5.66,128.6363636
13,4,Solidago_nemoralis,1,1,0.126,,,,16.22,128.7301587
12,1,Solidago_nemoralis,2,1,0.093,,,,11.98,128.8172043
3,4,Solidago_nemoralis,3,1,0.184,,,,23.72,128.9130435
3,4,Solidago_nemoralis,1,1,0.119,,,,15.44,129.7478992
8,4,Solidago_nemoralis,2,1,0.069,,,,9.12,132.173913
9,4,Solidago_nemoralis,3,1,0.1,,,,13.23,132.3
11,1,Solidago_nemoralis,2,1,0.104,,,,13.77,132.4038462
13,1,Solidago_nemoralis,1,1,0.104,,,,13.79,132.5961538
11,4,Solidago_nemoralis,3,1,0.102,,,,13.83,135.5882353
7,4,Solidago_nemoralis,3,1,0.215,,,,29.23,135.9534884
1,3,Solidago_nemoralis,2,1,0.055,15150,504,0.25,7.514880952,136.6341991
5,4,Solidago_nemoralis,3,1,0.261,,,,35.72,136.8582375
14,1,Solidago_nemoralis,1,1,0.126,,,,17.27,137.0634921
10,1,Solidago_nemoralis,2,1,0.158,,,,21.78,137.8481013
12,4,Solidago_nemoralis,3,1,0.063,,,,8.77,139.2063492
5,1,Solidago_nemoralis,2,1,0.152,,,,21.25,139.8026316
8,4,Solidago_nemoralis,3,1,0.148,,,,20.82,140.6756757
2,4,Solidago_nemoralis,1,1,0.091,449317,8770,0.25,12.80835234,140.7511246
8,4,Solidago_nemoralis,1,1,0.085,,,,11.99,141.0588235
10,4,Solidago_nemoralis,1,1,0.111,,,,15.78,142.1621622
2,1,Solidago_nemoralis,2,1,0.051,250752,8640,0.25,7.255555556,142.2657952
6,1,Solidago_nemoralis,3,1,0.09,,,,12.86,142.8888889
1,1,Solidago_nemoralis,7,1,0.095,26526,484,0.25,13.70144628,144.2257503
10,1,Solidago_nemoralis,1,1,0.085,,,,12.52,147.2941176
14,4,Solidago_nemoralis,1,1,0.054,,,,7.97,147.5925926
7,1,Solidago_nemoralis,3,1,0.136,,,,20.19,148.4558824
12,4,Solidago_nemoralis,1,1,0.097,,,,14.42,148.6597938
5,4,Solidago_nemoralis,2,1,0.124,,,,18.58,149.8387097
3,1,Solidago_nemoralis,3,1,0.039,,,,5.87,150.5128205
3,1,Solidago_nemoralis,2,1,0.074,,,,11.23,151.7567568
6,4,Solidago_nemoralis,3,1,0.052,,,,7.98,153.4615385
6,1,Solidago_nemoralis,1,1,0.085,,,,13.09,154
1,3,Solidago_nemoralis,1,1,0.056,18606,529,0.25,8.793005671,157.0179584
1,4,Solidago_nemoralis,2,1,0.033,270349,12996,0.25,5.200619421,157.5945279
2,4,Solidago_nemoralis,4,1,0.061,,,0.25,9.615011661,157.623142
1,4,Solidago_nemoralis,6,1,0.077,113225,2295,0.25,12.333878,160.1802338
7,1,Solidago_nemoralis,1,1,0.089,,,,14.38,161.5730337
1,4,Solidago_nemoralis,1,1,0.059,502408,12996,0.25,9.664666051,163.8078992
14,4,Solidago_nemoralis,3,1,0.08,,,,13.27,165.875
1,1,Solidago_nemoralis,4,1,0.107,21737,306,0.25,17.75898693,165.9718405
1,4,Solidago_nemoralis,3,1,0.097,524223,8100,0.25,16.17972222,166.80126
1,1,Solidago_nemoralis,3,1,0.145,34753,357,0.25,24.33683473,167.8402395
5,4,Solidago_nemoralis,1,1,0.1,,,,16.8,168
6,1,Solidago_nemoralis,2,1,0.126,,,,21.25,168.6507937
6,4,Solidago_nemoralis,2,1,0.082,,,,14.06,171.4634146
1,1,Solidago_nemoralis,2,1,0.025,15057,870,0.25,4.326724138,173.0689655
4,1,Solidago_nemoralis,2,1,0.089,,,,15.66,175.9550562
4,1,Solidago_nemoralis,1,1,0.081,,,,14.32,176.7901235
1,1,Solidago_nemoralis,5,1,0.095,30301,440,0.25,17.21647727,181.2260765
7,4,Solidago_nemoralis,1,1,0.145,,,,26.87,185.3103448
8,1,Solidago_nemoralis,3,1,0.106,,,,19.92,187.9245283
7,1,Solidago_nemoralis,2,1,0.056,,,,10.59,189.1071429
1,4,Solidago_nemoralis,2,1,0.082,145139,2295,0.25,15.81034858,192.809129
1,1,Solidago_nemoralis,1,1,0.076,27930,380,0.25,18.375,241.7763158
1,4,Solidago_nemoralis,5,1,0.062,31722,504,0.25,15.73511905,253.7922427
1,3,Solidago_nemoralis,4,1,0.047,54087,423,0.25,31.96631206,680.1342991
4,4,Solidago_nemoralis,2,1,0.018,,,,12.6,700
1,3,Solidago_nemoralis,3,1,0.021,43512,380,0.25,28.62631579,1363.157895
11,4,Solidago_rigida,1,1,0.731,,,,82.83,113.3105335
11,4,Solidago_rigida,3,1,0.377,,,,44.64,118.4084881
14,4,Solidago_rigida,1,1,0.492,,,,58.95,119.8170732
13,1,Solidago_rigida,1,1,0.657,,,,79.49,120.9893455
8,1,Solidago_rigida,1,1,0.65,,,,81.63,125.5846154
13,4,Solidago_rigida,1,1,0.389,,,,50.3,129.3059126
12,4,Solidago_rigida,2,1,0.23,,,,29.87,129.8695652
10,4,Solidago_rigida,2,1,0.425,,,,56.9,133.8823529
10,1,Solidago_rigida,1,1,0.633,,,,85.38,134.8815166
12,4,Solidago_rigida,1,1,0.399,,,,53.88,135.037594
10,4,Solidago_rigida,1,1,0.507,,,,72.12,142.2485207
12,4,Solidago_rigida,3,1,0.179,,,,25.55,142.7374302
12,1,Solidago_rigida,1,1,0.393,,,,56.57,143.9440204
2,4,Solidago_rigida,1,1,0.241,1507189,10605,0.25,35.53015087,147.4280119
10,4,Solidago_rigida,3,1,0.29,,,,44.42,153.1724138
11,4,Solidago_rigida,2,1,0.198,,,,32.01,161.6666667
8,4,Solidago_rigida,1,1,0.521,,,,96.98,186.1420345
13,4,Solidago_rigida,3,1,0.128,,,,24.2,189.0625
1,3,Solidago_rigida,1,1,0.252,542132,2592,0.25,52.28896605,207.495897
13,4,Solidago_rigida,2,1,0.096,,,,20.04,208.75
1,3,Solidago_rigida,2,1,0.266,1031351,3240,0.25,79.57955247,299.1712499
1,1,Solidago_rigida,1,1,0.018,9044,380,0.25,5.95,330.5555556
4,1,Solidago_nemoralis,3,1,0.07,,,,10.04,143.4285714
3,4,Sonchus_arvensis,1,1,0.11,270854,2704,0.25,25.04197485,227.6543168
9,1,Sonchus_arvensis,1,1,0.023,,,,7.87,342.173913
3,4,Sonchus_arvensis,3,1,0.048,271242,4080,0.25,16.62022059,346.2545956
9,1,Sonchus_arvensis,2,1,0.02,,,,7.38,369
9,1,Sonchus_arvensis,3,1,0.025,,,,10.58,423.2
3,4,Sonchus_arvensis,2,1,0.005,111995,10404,0.25,2.691152441,538.2304882
6,1,Sonchus_arvensis,3,1,0.012,,,,7.16,596.6666667
6,1,Sonchus_arvensis,1,1,0.016,,,,12.47,779.375
6,1,Sonchus_arvensis,2,1,0.012,,,,9.72,810
5,4,Sonchus_arvensis,1,1,0.003,,,,2.81,936.6666667
1,3,Sonchus_arvensis,1,1,0.032,26014,440,0.25,14.78068182,461.8963069
3,1,Sonchus_arvensis,1,1,0.032,,,,18.49,577.8125
3,1,Sonchus_arvensis,2,1,0.011,,,,6.91,628.1818182
12,1,Hypericum_perforatum,2,1,0.002,,,,0.1,50
14,4,Hypericum_perforatum,1,1,0.005,,,,0.56,112
14,4,Hypericum_perforatum,2,1,0.002,,,,0.24,120
14,4,Hypericum_perforatum,3,1,0.002,,,,0.32,160
12,1,Hypericum_perforatum,1,1,0.001,,,,0.23,230
13,1,Stellaria_media,2,1,0.005,,,,0.67,134
13,1,Stellaria_media,1,1,0.003,,,,0.44,146.6666667
1,2,Stellaria_media,2,1,0.002,359,288,0.25,0.311631944,155.8159722
7,1,Stellaria_media,1,1,0.001,,,,0.19,190
7,1,Stellaria_media,2,1,0.001,,,,0.19,190
1,1,Stellaria_media,5,1,0.002,1705,1024,0.25,0.416259766,208.1298828
12,1,Stellaria_media,1,1,0.002,,,,0.42,210
5,1,Stellaria_media,1,1,0.001,,,,0.23,230
13,1,Stellaria_media,3,1,0.002,,,,0.51,255
1,2,Stellaria_media,1,1,0.0005,167,306,0.25,0.136437909,272.875817
5,1,Stellaria_media,3,1,0.001,,,,0.29,290
1,1,Stellaria_media,6,1,0.001,1186,899,0.25,0.329810901,329.810901
1,3,Stellaria_media,1,1,0.001,1086,810,0.25,0.335185185,335.1851852
1,1,Stellaria_media,2,1,0.004,3858,702,0.25,1.373931624,343.482906
6,1,Stellaria_media,2,1,0.002,,,,0.69,345
12,1,Stellaria_media,2,1,0.001,,,,0.35,350
7,4,Stellaria_media,2,1,0.002,,,,0.71,355
1,1,Stellaria_media,4,1,0.002,2336,756,0.25,0.772486773,386.2433863
7,1,Stellaria_media,3,1,0.002,,,,0.79,395
1,1,Stellaria_media,3,1,0.002,1806,550,0.25,0.820909091,410.4545455
7,4,Stellaria_media,3,1,0.002,,,,0.87,435
7,4,Stellaria_media,1,1,0.002,,,,0.87,435
1,1,Stellaria_media,7,1,0.001,1026,575,0.25,0.446086957,446.0869565
6,4,Stellaria_media,3,1,0.001,,,,0.47,470
5,1,Stellaria_media,2,1,0.002,,,,1.03,515
6,4,Stellaria_media,1,1,0.003,,,,1.56,520
1,1,Stellaria_media,1,1,0.001,969,380,0.25,0.6375,637.5
6,4,Stellaria_media,2,1,0.002,,,,1.47,735
6,1,Stellaria_media,1,1,0.001,,,,1.04,1040
12,4,Symphyotrichum_novae_angliae,1,1,0.027,,,,1.04,38.51851852
5,4,Symphyotrichum_novae_angliae,2,1,0.111,,,,6.94,62.52252252
13,1,Symphyotrichum_novae_angliae,1,1,0.056,,,,5.04,90
12,1,Symphyotrichum_novae_angliae,1,1,0.027,,,,3,111.1111111
3,1,Symphyotrichum_novae_angliae,2,1,0.066,,,,7.98,120.9090909
13,1,Symphyotrichum_novae_angliae,3,1,0.068,,,,8.39,123.3823529
3,1,Symphyotrichum_novae_angliae,3,1,0.038,,,,5.01,131.8421053
13,1,Symphyotrichum_novae_angliae,2,1,0.053,,,,7.28,137.3584906
3,4,Symphyotrichum_novae_angliae,1,1,0.05,,,,7.24,144.8
1,4,Symphyotrichum_novae_angliae,1,1,0.038,207327,9227,0.25,5.617400022,147.8263164
14,4,Symphyotrichum_novae_angliae,3,1,0.035,,,,5.18,148
1,3,Symphyotrichum_novae_angliae,2,1,0.021,40206,2916,0.25,3.447016461,164.143641
12,4,Symphyotrichum_novae_angliae,2,1,0.014,,,,2.37,169.2857143
12,4,Symphyotrichum_novae_angliae,3,1,0.019,,,,3.29,173.1578947
3,4,Symphyotrichum_novae_angliae,3,1,0.019,,,,3.3,173.6842105
8,1,Symphyotrichum_novae_angliae,1,1,0.046,,,,8.05,175
1,1,Symphyotrichum_novae_angliae,4,1,0.038,230709,8640,0.25,6.675607639,175.6738852
5,4,Symphyotrichum_novae_angliae,3,1,0.045,,,,7.99,177.5555556
6,4,Symphyotrichum_novae_angliae,3,1,0.032,,,,5.7,178.125
1,1,Symphyotrichum_novae_angliae,6,1,0.021,133418,8710,0.25,3.829448909,182.35471
8,1,Symphyotrichum_novae_angliae,2,1,0.043,,,,8.06,187.4418605
3,4,Symphyotrichum_novae_angliae,2,1,0.021,,,,4.1,195.2380952
12,1,Symphyotrichum_novae_angliae,3,1,0.018,,,,3.52,195.5555556
14,4,Symphyotrichum_novae_angliae,1,1,0.018,,,,3.53,196.1111111
6,4,Symphyotrichum_novae_angliae,1,1,0.04,,,,7.87,196.75
5,4,Symphyotrichum_novae_angliae,1,1,0.034,,,,6.75,198.5294118
14,4,Symphyotrichum_novae_angliae,2,1,0.03,,,,6.14,204.6666667
2,4,Symphyotrichum_novae_angliae,1,1,0.008,96200,14650,0.25,1.641638225,205.2047781
5,1,Symphyotrichum_novae_angliae,3,1,0.046,,,,9.59,208.4782609
1,3,Symphyotrichum_novae_angliae,4,1,0.026,87202,4012,0.25,5.433823529,208.9932127
1,1,Symphyotrichum_novae_angliae,5,1,0.032,202973,7560,0.25,6.712070106,209.7521908
12,1,Symphyotrichum_novae_angliae,2,1,0.018,,,,3.79,210.5555556
1,1,Symphyotrichum_novae_angliae,3,1,0.021,129028,7056,0.25,4.571570295,217.6938236
1,1,Symphyotrichum_novae_angliae,1,1,0.033,205511,7056,0.25,7.281427154,220.6493077
1,1,Symphyotrichum_novae_angliae,2,1,0.021,121625,6552,0.25,4.640758547,220.9885022
8,1,Symphyotrichum_novae_angliae,3,1,0.022,,,,4.93,224.0909091
10,1,Symphyotrichum_novae_angliae,1,1,0.018,,,,4.07,226.1111111
14,1,Symphyotrichum_novae_angliae,1,1,0.023,,,,5.26,228.6956522
3,1,Symphyotrichum_novae_angliae,1,1,0.024,,,,5.6,233.3333333
7,4,Symphyotrichum_novae_angliae,1,1,0.051,,,,12.08,236.8627451
1,3,Symphyotrichum_novae_angliae,3,1,0.021,9723,462,0.25,5.261363636,250.5411255
14,1,Symphyotrichum_novae_angliae,2,1,0.018,,,,4.58,254.4444444
2,4,Symphyotrichum_novae_angliae,2,1,0.009,119347,12960,0.25,2.302218364,255.8020404
6,1,Symphyotrichum_novae_angliae,3,1,0.051,,,,13.65,267.6470588
1,3,Symphyotrichum_novae_angliae,1,1,0.026,13412,462,0.25,7.257575758,279.1375292
7,4,Symphyotrichum_novae_angliae,3,1,0.044,,,,12.36,280.9090909
6,4,Symphyotrichum_novae_angliae,2,1,0.025,,,,7.03,281.2
7,4,Symphyotrichum_novae_angliae,2,1,0.026,,,,8.08,310.7692308
6,1,Symphyotrichum_novae_angliae,1,1,0.016,,,,4.98,311.25
1,1,Symphyotrichum_novae_angliae,7,1,0.015,178438,9216,0.25,4.840440538,322.6960359
5,1,Symphyotrichum_novae_angliae,2,1,0.041,,,,14.4,351.2195122
6,1,Symphyotrichum_novae_angliae,2,1,0.015,,,,5.97,398
4,1,Symphyotrichum_novae_angliae,1,1,0.025,,,,10.02,400.8
5,1,Symphyotrichum_novae_angliae,1,1,0.026,,,,10.82,416.1538462
2,1,Symphyotrichum_novae_angliae,1,1,0.002,56101,12960,0.25,1.082195216,541.097608
4,1,Symphyotrichum_novae_angliae,2,1,0.008,,,,6.11,763.75
10,1,Taraxacum_officinale,1,1,0.089,,,,14.17,159.2134831
14,4,Taraxacum_officinale,1,1,0.134,,,,22.31,166.4925373
1,2,Taraxacum_officinale,3,1,0.089,20795,256,0.25,20.30761719,228.175474
1,1,Taraxacum_officinale,6,1,0.026,8578,361,0.25,5.940443213,228.4785851
5,4,Taraxacum_officinale,2,1,0.227,,,,53.74,236.7400881
2,1,Taraxacum_officinale,2,1,0.143,815843,5621,0.25,36.28549191,253.7446987
7,4,Taraxacum_officinale,1,1,0.157,,,,42.63,271.5286624
3,4,Taraxacum_officinale,3,1,0.03,,,,8.17,272.3333333
2,1,Taraxacum_officinale,3,1,0.037,447660,11025,0.25,10.15102041,274.351903
1,1,Taraxacum_officinale,5,1,0.062,16883,240,0.25,17.58645833,283.6525537
2,1,Taraxacum_officinale,1,1,0.093,667672,6240,0.25,26.74967949,287.6309623
1,2,Taraxacum_officinale,1,1,0.076,23982,272,0.25,22.04227941,290.0299922
5,1,Taraxacum_officinale,2,1,0.136,,,,40.47,297.5735294
7,1,Taraxacum_officinale,2,1,0.059,,,,18.05,305.9322034
6,1,Taraxacum_officinale,1,1,0.101,,,,31.17,308.6138614
7,1,Taraxacum_officinale,3,1,0.127,,,,41.95,330.3149606
8,1,Taraxacum_officinale,1,1,0.05,,,,16.58,331.6
1,1,Taraxacum_officinale,2,1,0.09,28653,240,0.25,29.846875,331.6319444
1,1,Taraxacum_officinale,4,1,0.129,29227,165,0.25,44.28333333,343.2816537
3,4,Taraxacum_officinale,2,1,0.094,,,,32.68,347.6595745
7,1,Taraxacum_officinale,1,1,0.075,,,,26.09,347.8666667
6,1,Taraxacum_officinale,2,1,0.076,,,,27.19,357.7631579
1,2,Taraxacum_officinale,2,1,0.054,19854,256,0.25,19.38867188,359.0494793
5,1,Taraxacum_officinale,1,1,0.094,,,,36.14,384.4680851
3,4,Taraxacum_officinale,1,1,0.022,,,,8.74,397.2727273
6,4,Taraxacum_officinale,2,1,0.09,,,,35.78,397.5555556
6,1,Taraxacum_officinale,3,1,0.126,,,,51.61,409.6031746
1,3,Taraxacum_officinale,1,1,0.072,33241,272,0.25,30.55238971,424.338746
6,4,Taraxacum_officinale,1,1,0.165,,,,74.45,451.2121212
5,4,Taraxacum_officinale,3,1,0.019,,,,8.79,462.6315789
4,1,Taraxacum_officinale,1,1,0.019,,,,9.4,494.7368421
6,4,Taraxacum_officinale,3,1,0.038,,,,20.79,547.1052632
5,1,Taraxacum_officinale,3,1,0.072,,,,43.18,599.7222222
7,4,Taraxacum_officinale,2,1,0.004,,,,2.44,610
5,4,Taraxacum_officinale,1,1,0.003,,,,2.07,690
1,1,Taraxacum_officinale,1,1,0.114,772415,336,0.25,574.7135417,5041.346857
5,4,Verbascum_thapsus,2,1,0.007,,,,1.93,275.7142857
5,4,Verbascum_thapsus,1,1,0.026,,,,17.01,654.2307692
12,1,Verbena_stricta,3,1,0.022,,,,2.7,122.7272727
12,1,Verbena_stricta,2,1,0.035,,,,5.07,144.8571429
12,1,Verbena_stricta,1,1,0.042,,,,6.4,152.3809524
2,1,Verbena_stricta,1,1,0.018,193142,15120,0.25,3.19348545,177.4158583
3,4,Veronica_arvensis,1,1,0.001,,,,0.3,300
5,1,Veronica_arvensis,1,1,0.001,,,,0.01,10
6,1,Veronica_arvensis,1,1,0.001,,,,0.01,10
2,1,Veronica_arvensis,1,1,0.001,4290,27216,0.25,0.039406966,39.40696649
6,4,Veronica_arvensis,3,1,0.001,,,,0.04,40
6,4,Veronica_arvensis,1,1,0.001,,,,0.06,60
6,4,Veronica_arvensis,2,1,0.001,,,,0.07,70
2,1,Veronica_arvensis,3,1,0.001,7974,25200,0.25,0.079107143,79.10714286
2,1,Veronica_arvensis,2,1,0.001,7329,20736,0.25,0.088360822,88.36082176
6,1,Veronica_arvensis,2,1,0.001,,,,0.13,130
5,4,Veronica_arvensis,2,1,0.001,,,,0.16,160
5,1,Veronica_arvensis,3,1,0.001,,,,0.17,170
5,4,Veronica_arvensis,1,1,0.001,,,,0.18,180
7,4,Veronica_arvensis,2,1,0.001,,,,0.19,190
5,4,Veronica_arvensis,3,1,0.001,,,,0.22,220
7,4,Veronica_arvensis,3,1,0.001,,,,0.23,230
5,1,Veronica_arvensis,2,1,0.001,,,,0.28,280
